D_1,VISI_2_1,CCAA,MOVI_25_1,ECIVIL,ESTUDIO,EDAD,NACIO,MOVI_22_1,SEXO,MOVI_21_1
1,1,19,1,3,1,3,1,1,1,1
2,1,19,1,1,6,3,1,2,2,2
2,1,15,1,3,3,2,2,2,2,1
2,1,3,2,1,6,3,2,1,1,2
2,1,15,1,1,1,5,2,1,2,1
1,1,17,1,4,6,1,2,1,2,1
2,1,15,1,3,2,1,1,1,2,2
2,1,3,1,1,4,4,2,1,2,1
4,1,2,1,1,2,2,1,1,2,1
4,1,17,1,3,8,1,2,2,2,1
4,2,5,2,3,3,5,2,1,2,2
4,1,7,1,5,7,5,2,1,2,1
4,1,9,1,3,7,5,1,1,1,2
2,1,3,1,5,3,4,2,1,2,1
1,1,1,1,2,3,3,2,1,2,1
1,1,19,1,5,3,5,3,1,1,2
2,1,15,1,1,8,6,1,1,2,1
2,1,16,1,1,6,6,2,1,1,2
1,1,7,2,1,6,3,2,1,1,2
4,1,4,1,1,1,6,1,2,2,1
1,1,9,1,5,7,4,1,2,1,1
4,2,7,2,4,3,6,1,2,1,1
2,1,1,1,3,1,3,1,2,1,1
2,1,13,1,3,2,6,3,1,2,2
2,2,19,1,4,4,4,1,1,1,1
2,1,12,1,3,7,6,3,1,2,2
2,2,6,2,5,8,4,3,1,1,1
1,1,9,1,3,2,3,2,1,2,1
4,1,2,1,4,3,5,3,2,1,2
2,1,5,1,1,6,2,1,1,2,2
2,1,12,1,5,4,4,1,1,2,2
2,1,11,1,1,2,1,3,1,1,1
2,2,8,1,4,3,4,1,1,2,2
2,2,16,1,5,6,6,2,1,1,1
2,1,3,1,1,8,6,3,1,1,2
1,1,1,1,1,6,5,2,2,2,2
2,1,2,1,1,1,3,1,1,1,2
2,2,2,1,4,6,2,3,1,1,2
2,1,12,1,5,2,3,2,2,2,2
1,2,13,2,5,8,5,2,2,1,1
2,1,15,1,3,3,4,1,1,1,2
2,1,12,1,5,2,6,2,1,1,1
2,1,10,1,3,4,6,1,1,2,2
1,1,5,1,5,2,2,3,2,1,2
1,1,9,1,1,2,3,1,1,2,1
2,2,6,1,4,4,4,1,1,2,2
1,1,18,1,1,6,5,3,2,2,2
2,1,12,2,1,8,2,1,1,1,2
4,1,4,1,4,3,2,3,2,1,1
2,1,7,1,1,1,1,1,1,2,1
4,1,3,1,3,4,5,1,2,1,1
1,2,15,1,4,4,1,2,2,2,1
1,2,2,2,1,3,2,3,2,2,2
2,1,2,1,3,7,6,1,2,2,2
2,1,3,1,4,8,5,1,2,2,2
4,1,14,2,5,2,6,2,2,1,1
1,2,10,2,3,8,3,2,1,1,1
2,1,12,1,5,6,2,3,2,2,1
2,1,10,1,5,2,6,3,1,1,1
2,2,1,1,4,6,6,1,1,1,2
1,2,14,1,4,1,6,2,2,2,1
5,1,6,1,4,1,6,3,2,2,2
1,1,1,1,5,8,2,3,2,2,1
4,1,9,1,1,6,6,3,1,1,2
2,1,3,1,5,2,1,1,1,1,2
2,1,3,1,5,4,4,3,1,1,1
2,1,14,1,3,8,1,3,2,2,1
4,1,9,1,4,4,6,2,2,1,1
1,1,6,1,3,7,2,1,2,1,1
1,1,7,1,4,7,2,1,1,2,1
2,1,13,1,5,3,2,2,2,2,1
2,2,1,2,1,8,4,1,1,2,1
1,1,3,1,1,6,5,1,2,2,2
1,2,12,1,3,6,5,2,2,2,2
2,1,12,1,5,3,2,1,1,2,1
1,1,19,1,2,1,6,1,2,2,2
1,2,8,1,5,2,1,3,2,1,1
4,1,2,1,3,6,6,1,1,1,1
2,1,12,1,1,6,3,1,2,2,2
4,1,9,1,5,6,1,2,1,1,1
4,1,3,1,3,4,3,1,1,2,2
1,1,10,2,1,3,1,1,1,1,1
2,1,3,1,1,1,3,3,1,1,2
2,1,14,1,1,6,3,2,2,2,2
2,1,14,1,1,4,6,2,1,1,2
1,1,9,1,1,6,5,1,2,2,2
1,1,19,1,3,2,1,2,2,1,1
1,1,19,2,1,6,3,2,1,1,2
2,1,3,1,1,7,3,2,1,2,2
4,1,7,1,1,2,2,1,1,2,2
2,1,12,1,2,1,3,1,1,1,2
2,1,3,1,5,6,2,3,1,2,1
4,1,7,1,2,4,3,1,1,1,1
2,1,5,1,1,8,6,3,2,2,1
1,1,19,1,3,7,4,3,2,1,1
4,2,7,2,5,8,6,1,1,2,1
2,2,11,2,5,1,2,1,2,2,2
1,1,9,1,5,4,6,2,1,2,1
2,1,3,1,5,7,4,1,2,2,2
4,1,15,2,3,6,2,2,2,1,2
2,2,1,2,5,8,4,3,1,2,2
2,1,2,1,1,6,2,1,2,2,2
1,1,8,1,5,1,4,2,1,2,2
1,1,12,1,5,4,5,3,2,1,1
1,1,7,1,5,6,5,1,2,2,1
2,2,1,2,4,2,2,2,2,1,1
4,2,7,2,5,5,4,3,2,2,2
1,1,6,1,1,6,1,2,1,2,2
2,1,1,1,3,1,6,1,2,1,1
1,1,10,1,1,3,2,1,2,2,1
1,1,3,1,3,6,3,1,2,2,1
2,2,5,2,4,8,2,2,2,2,2
2,1,12,2,1,6,4,3,2,1,1
2,1,13,2,1,8,4,1,1,2,1
2,1,5,1,1,7,6,3,1,2,2
2,1,9,1,4,4,6,3,2,2,2
1,1,6,1,4,2,1,2,2,1,2
1,1,19,2,4,8,5,1,2,1,1
4,2,5,2,1,4,1,2,2,2,1
2,1,3,1,5,7,5,1,1,1,2
4,1,9,1,4,4,2,1,1,1,1
4,1,4,1,1,3,6,3,2,1,2
2,1,3,1,1,4,6,3,1,2,1
4,1,2,1,3,4,5,2,2,1,1
2,1,12,1,1,7,3,1,1,1,2
1,1,10,1,1,2,1,3,2,1,1
1,1,11,1,1,7,4,2,2,1,1
1,1,16,1,1,1,3,3,1,1,2
1,1,7,1,1,6,1,3,1,2,2
2,2,17,2,3,8,4,2,1,1,1
2,2,10,2,5,6,3,3,2,1,1
2,1,14,1,3,1,5,2,1,2,2
2,1,13,1,2,7,6,2,2,2,1
1,1,8,1,3,7,4,2,2,1,1
2,2,5,1,4,3,4,2,1,2,1
2,1,11,1,1,4,2,1,2,1,2
1,1,1,1,1,7,4,3,2,1,2
2,1,11,1,1,2,4,2,1,1,1
2,2,1,2,4,7,3,3,2,1,2
2,1,1,1,3,4,3,1,1,2,2
4,1,17,1,1,2,5,2,2,1,1
2,1,12,1,3,7,6,3,1,2,1
2,1,12,1,5,3,4,1,2,1,2
1,2,8,2,3,8,5,3,1,1,1
4,1,9,1,3,4,5,2,2,1,1
2,1,15,1,3,4,1,2,2,1,2
1,1,11,1,4,3,4,1,1,1,1
2,1,12,1,4,3,5,3,1,1,1
2,1,11,1,4,7,1,3,2,2,2
2,1,9,1,1,6,2,1,2,2,2
1,2,13,2,4,8,5,2,2,1,2
2,1,19,1,5,3,4,3,2,2,2
1,1,9,1,1,2,2,1,2,1,1
1,1,9,1,5,1,5,1,2,2,2
1,1,9,1,1,6,5,2,2,2,2
4,1,9,1,3,3,3,2,1,2,2
2,1,19,1,3,4,2,2,2,1,2
2,1,13,1,3,4,2,2,2,1,2
2,1,10,1,5,4,4,2,1,1,2
4,1,7,1,1,6,6,1,1,2,2
2,1,11,1,3,6,5,2,2,1,1
4,1,2,1,3,8,2,1,2,1,1
2,1,12,1,5,1,5,3,2,2,2
1,2,14,1,4,4,1,2,2,2,1
2,1,12,1,5,1,3,2,1,1,2
2,1,3,1,5,7,2,3,1,2,1
3,1,14,1,1,6,5,3,2,2,2
4,1,11,1,5,4,5,1,2,1,1
2,1,5,1,5,7,6,1,1,2,2
4,1,9,1,1,4,4,3,2,2,1
2,1,12,1,3,2,1,2,2,1,1
2,1,14,1,1,4,2,2,1,1,1
2,1,3,1,3,1,5,2,1,2,1
1,1,5,2,1,8,2,3,2,1,2
3,1,12,1,4,6,5,3,2,2,2
1,1,1,1,2,6,5,3,2,2,1
2,1,11,1,3,7,2,1,2,2,2
2,1,13,1,1,7,5,3,1,1,1
1,1,5,1,4,4,1,2,1,2,2
1,1,9,1,3,1,5,2,2,2,2
2,1,19,1,3,3,6,1,2,1,1
1,2,10,2,3,8,3,3,1,1,1
2,1,12,2,1,8,5,3,2,2,1
2,1,12,1,3,6,2,2,1,2,2
1,2,6,2,5,3,2,2,2,1,2
1,1,5,1,1,2,5,1,1,2,1
2,1,12,1,4,7,6,1,1,2,2
4,1,7,1,1,1,1,3,2,2,1
1,1,7,1,4,4,3,1,1,2,2
4,1,2,2,1,5,6,3,2,1,2
2,1,14,1,3,3,4,3,1,2,2
2,1,2,2,1,8,4,2,2,2,1
2,1,13,2,1,8,1,2,1,1,2
2,1,10,1,1,6,2,3,1,1,2
4,1,9,1,1,4,5,3,2,2,1
2,1,4,1,3,4,4,3,2,2,2
2,1,3,1,5,7,3,1,1,2,1
2,1,12,1,3,4,3,1,1,1,1
1,2,13,2,5,6,3,2,1,1,1
2,1,3,1,3,6,3,1,2,2,2
1,1,9,1,1,2,2,2,1,1,1
2,1,11,1,1,1,3,3,2,1,2
1,1,6,1,2,7,1,1,1,1,2
1,1,10,1,1,6,5,1,2,2,2
2,2,2,2,5,3,4,1,1,1,2
2,1,12,1,4,2,1,3,2,1,2
2,1,3,1,3,8,5,1,2,2,2
1,2,9,2,4,7,2,1,1,1,2
2,1,9,1,2,6,5,3,2,2,1
2,2,7,2,4,2,4,2,1,1,2
2,1,11,1,1,8,5,3,1,2,1
2,1,16,1,1,7,6,3,2,2,2
2,2,7,1,3,4,2,1,2,1,2
2,1,14,1,1,3,2,3,1,2,2
4,1,4,1,4,6,1,3,1,2,1
2,1,9,1,1,7,6,2,2,2,1
2,1,3,1,1,6,3,2,2,2,2
2,1,11,1,5,8,5,3,2,2,2
1,1,12,1,5,6,1,2,2,2,2
4,1,15,1,3,3,5,1,1,1,1
2,1,12,1,3,4,3,3,1,2,1
2,1,12,1,5,7,5,3,2,1,2
5,1,5,1,1,2,5,2,2,1,1
2,1,2,1,2,2,1,2,2,1,1
1,1,16,1,1,6,5,2,2,1,2
1,1,5,1,2,4,1,1,2,1,1
1,1,1,1,5,7,4,1,2,1,2
2,1,18,1,4,1,1,3,1,1,2
1,1,19,1,5,3,6,2,2,1,2
4,1,9,1,4,2,6,1,1,1,2
4,1,7,1,3,6,6,3,1,2,2
2,2,16,2,5,8,2,1,2,2,2
2,2,2,1,4,4,5,3,2,1,1
2,1,11,1,3,4,2,3,2,1,2
1,2,8,1,3,1,6,1,2,2,1
2,2,17,1,4,6,4,2,1,2,2
1,1,18,1,1,8,2,3,2,2,1
1,1,11,1,3,6,5,2,1,1,1
2,1,3,1,1,2,5,2,2,2,1
1,1,9,1,3,6,6,1,1,1,1
2,1,4,1,1,2,2,1,1,1,1
2,1,15,1,1,1,3,3,2,2,1
3,1,3,1,3,2,6,2,1,2,1
2,2,1,2,2,3,4,3,2,1,1
4,1,11,1,5,2,5,3,2,1,1
2,1,11,1,3,7,5,2,2,1,2
4,1,15,1,1,2,4,3,1,1,1
2,1,3,1,1,6,6,3,1,1,2
1,2,13,2,5,8,2,2,2,1,1
4,1,2,1,3,4,5,3,2,2,2
2,1,2,1,2,4,1,2,2,2,2
1,1,9,1,1,6,5,1,2,2,2
1,1,6,1,4,1,6,1,2,2,2
2,1,12,1,5,4,2,3,1,1,2
2,1,2,1,1,4,4,1,2,1,2
2,1,2,1,1,7,1,2,1,1,2
4,1,11,1,1,7,6,1,2,2,2
2,1,3,1,1,7,6,3,1,1,2
2,1,12,1,4,6,5,3,2,2,2
2,1,13,1,5,4,5,3,2,1,1
4,1,2,1,5,7,1,1,2,1,2
1,1,16,1,5,7,4,3,2,1,2
1,1,7,1,1,4,4,1,2,2,2
2,2,6,1,5,8,1,2,2,2,1
2,1,3,1,1,7,6,3,2,2,1
3,1,15,1,1,4,1,2,2,2,1
2,1,12,1,4,1,3,1,1,2,2
2,1,12,1,1,2,1,3,2,1,1
2,1,18,1,5,6,6,3,1,1,1
1,1,7,1,5,1,3,2,2,1,1
1,1,18,1,5,4,1,2,1,2,2
1,1,13,1,5,6,5,1,2,1,1
2,1,16,1,2,7,6,1,2,2,1
2,1,16,1,1,7,3,1,1,1,2
2,1,19,1,5,6,5,3,2,1,1
2,1,3,1,3,3,4,1,1,1,1
2,1,14,1,5,1,5,2,2,2,2
2,1,14,1,1,6,3,3,2,1,2
2,1,12,1,1,2,3,1,1,2,1
2,2,5,1,4,4,6,1,2,2,2
2,1,18,2,4,8,2,1,2,1,1
2,1,3,1,5,4,4,2,1,2,2
2,1,12,1,5,6,6,3,1,2,1
2,1,12,1,1,6,3,2,1,1,2
2,1,3,1,3,7,5,1,2,1,1
2,2,10,2,1,6,3,3,1,2,1
2,1,3,1,1,4,5,3,2,2,1
1,1,12,1,1,2,5,2,1,1,1
2,1,14,1,3,6,5,2,2,2,2
4,1,7,1,3,2,4,2,1,2,2
1,2,13,1,4,4,1,1,2,2,1
4,1,3,1,3,6,1,3,1,1,1
1,1,18,1,5,1,3,3,2,1,2
2,1,18,1,1,4,2,3,2,1,2
2,1,3,1,1,2,1,2,1,1,1
1,1,12,1,4,2,3,1,1,2,1
4,1,9,1,5,1,1,1,1,2,2
2,1,12,2,5,3,2,2,2,2,2
4,1,11,1,1,8,2,2,1,2,1
2,1,12,1,3,8,2,2,2,2,1
4,1,9,1,5,6,1,2,1,1,2
4,1,5,1,2,6,1,1,1,1,1
2,1,10,1,3,6,3,2,2,2,1
1,1,18,1,5,7,4,3,2,1,2
2,1,3,1,1,4,5,3,2,2,2
2,2,8,2,4,2,5,1,1,1,2
4,1,4,1,5,6,6,3,1,1,1
2,1,14,1,1,8,5,3,1,2,1
2,1,12,1,4,2,6,1,2,2,2
1,1,9,1,3,4,1,1,1,2,2
2,1,4,1,5,3,4,2,1,1,2
4,2,7,1,5,3,3,3,1,2,2
1,1,19,1,5,6,5,2,2,2,2
2,1,12,1,1,3,2,2,2,2,2
4,1,9,1,4,7,2,1,2,2,1
1,1,15,1,5,7,4,1,2,2,1
1,1,9,1,3,1,3,1,2,1,2
2,1,11,1,3,7,6,2,1,2,2
2,1,9,1,1,6,6,1,2,1,2
1,1,5,1,5,4,1,2,2,2,2
4,1,11,1,1,4,2,1,1,1,2
2,1,15,1,1,7,6,1,2,2,2
4,1,16,1,5,3,3,2,2,1,2
4,1,15,1,5,2,6,2,1,2,2
4,1,9,1,5,3,5,2,1,1,1
2,1,6,1,3,2,4,1,1,1,1
2,1,12,1,1,6,4,1,1,1,2
2,1,18,1,3,2,4,2,1,1,1
1,1,13,1,1,6,5,1,2,1,2
2,1,12,1,5,4,1,2,2,1,1
1,1,12,2,3,8,2,1,2,1,1
2,1,13,1,2,4,1,2,2,1,1
1,1,18,1,1,7,4,1,2,1,2
2,1,13,1,2,7,6,2,1,2,1
1,2,9,1,5,2,3,2,1,2,2
2,2,5,1,4,6,3,1,2,2,1
2,1,12,2,1,3,4,3,2,1,1
1,1,7,1,1,7,2,1,2,1,2
4,1,18,1,2,6,1,1,1,1,2
4,2,9,1,1,2,6,3,1,2,1
2,1,11,1,5,2,6,3,2,2,2
2,1,9,1,3,4,5,3,2,2,2
2,1,12,2,1,8,2,1,2,1,2
1,1,10,1,5,7,5,3,1,1,2
2,1,3,1,1,1,5,3,1,2,1
1,1,18,1,1,3,3,1,1,2,1
4,1,7,1,3,3,2,1,2,2,1
4,1,9,1,1,4,5,3,2,2,1
4,2,5,1,4,1,5,3,2,2,2
2,1,12,1,5,3,4,2,2,2,2
2,1,13,1,5,7,6,3,2,2,1
4,1,15,1,1,4,5,2,2,1,2
2,1,2,1,3,6,6,1,1,1,1
1,2,18,1,2,4,1,1,1,2,1
2,1,13,1,3,4,4,3,2,1,2
2,1,6,1,1,6,2,1,1,1,2
2,2,2,1,4,2,1,2,1,1,2
1,1,7,1,1,2,4,1,1,1,2
2,1,15,1,5,8,1,3,2,1,1
2,1,7,1,5,7,1,2,1,2,1
1,1,9,1,1,6,6,3,1,1,1
1,1,13,1,5,1,6,3,2,2,2
2,1,15,1,1,1,1,2,1,2,1
4,2,11,2,4,3,3,2,2,1,2
2,1,13,1,1,7,6,1,1,2,2
2,1,3,1,1,7,6,3,1,2,2
2,1,15,1,4,4,4,1,2,1,2
2,1,6,1,3,8,5,1,1,2,1
4,2,4,1,4,1,1,3,1,2,1
2,1,19,1,3,4,5,2,2,2,2
2,1,3,1,1,2,1,2,2,1,1
1,1,4,1,1,3,3,2,1,2,2
1,1,11,1,3,7,2,3,2,1,1
5,2,5,1,4,7,1,2,2,2,2
2,1,3,1,1,1,1,3,2,2,1
4,1,9,1,1,2,5,3,1,1,1
4,1,13,1,3,4,3,2,1,2,2
1,1,16,1,3,1,3,2,2,1,2
3,1,3,1,5,4,3,3,1,1,2
2,1,12,1,2,4,5,2,2,2,2
2,1,14,1,3,2,1,2,2,1,1
1,1,5,1,3,2,5,2,1,2,1
2,1,3,1,1,2,3,3,1,2,1
2,1,1,1,1,7,6,3,1,2,2
3,1,12,1,1,3,5,2,2,2,1
2,1,3,1,5,4,1,2,1,2,2
2,1,13,1,1,3,5,2,1,1,2
2,1,18,1,3,6,6,1,1,1,2
4,1,4,1,3,1,1,3,1,1,1
2,1,12,1,2,1,3,1,2,1,1
2,2,2,2,5,8,2,2,2,1,1
2,1,2,1,4,6,5,3,2,1,2
2,1,13,1,1,2,4,3,1,2,1
2,2,6,1,5,3,5,3,1,1,2
2,1,18,1,3,8,4,2,1,1,1
4,1,9,1,1,1,4,1,1,1,2
4,1,3,1,4,2,5,3,2,2,1
4,1,9,1,4,4,3,2,1,2,2
2,1,3,1,1,2,3,2,2,2,1
2,1,15,1,5,6,6,2,1,1,1
2,1,12,1,3,6,6,3,1,1,1
4,1,7,1,3,4,6,3,1,2,2
2,1,12,1,1,6,2,2,2,2,2
2,2,10,2,3,6,1,1,2,1,1
2,1,13,1,3,6,2,1,1,1,1
2,1,3,1,3,1,1,3,1,2,1
2,2,1,1,4,3,4,3,1,2,2
1,1,3,1,4,6,6,2,1,1,2
2,1,10,1,1,3,4,3,2,1,2
2,1,11,1,4,1,4,1,1,2,1
1,1,4,2,5,5,4,3,2,2,2
4,1,9,1,4,6,4,3,2,1,2
2,1,11,1,5,1,5,3,2,1,2
1,1,2,1,5,6,5,2,2,1,1
4,1,17,1,1,6,4,2,2,1,2
2,1,12,1,4,6,6,1,1,1,2
2,1,10,2,5,4,4,2,1,2,1
2,1,12,1,3,7,2,3,2,1,1
4,1,6,1,1,2,4,3,1,1,1
2,1,14,1,5,7,6,1,2,2,2
2,1,12,1,1,6,3,2,2,2,1
1,1,9,1,1,1,6,3,2,1,2
2,1,16,2,1,8,3,3,1,1,2
2,2,16,1,4,4,4,2,2,1,1
2,1,14,1,2,4,5,2,2,2,1
2,1,3,1,3,3,4,1,1,1,1
4,1,3,1,5,6,4,1,2,2,1
2,1,12,2,3,8,1,3,1,1,1
2,1,11,1,3,7,4,2,2,1,1
4,2,12,1,5,2,3,2,1,2,2
2,2,11,2,5,7,3,1,1,2,1
5,1,7,1,1,6,5,2,2,2,2
4,1,6,1,1,6,1,1,1,1,2
4,1,9,1,3,4,3,1,1,2,1
2,1,6,1,5,3,4,1,1,2,1
2,1,12,1,3,6,3,3,1,2,2
1,1,15,1,1,3,3,2,1,2,2
2,1,11,1,4,2,4,3,1,2,1
2,2,10,1,4,4,3,1,1,2,1
2,1,12,1,3,2,1,2,1,1,1
4,1,11,1,5,1,1,2,1,2,2
1,2,6,2,5,2,3,1,1,1,1
2,1,13,1,4,6,4,1,2,1,2
2,1,13,1,4,8,5,2,1,2,2
2,1,5,1,3,4,5,2,2,1,2
1,1,10,1,3,1,4,3,2,2,1
1,1,18,1,3,7,5,2,2,1,1
4,1,6,1,4,2,2,1,2,2,1
2,1,13,1,3,8,6,3,1,1,1
1,1,19,1,3,4,4,3,2,1,2
1,1,18,1,1,2,2,3,2,1,1
2,1,10,1,4,4,2,3,1,1,1
1,1,10,1,3,3,1,1,2,1,2
2,1,19,1,1,6,6,3,2,1,2
3,1,12,1,1,1,3,1,1,1,2
1,1,3,1,1,7,4,2,2,1,1
2,1,2,1,5,6,3,3,2,2,1
1,1,16,1,5,7,4,3,2,1,1
2,1,11,1,3,7,6,2,1,2,2
4,1,6,1,2,2,2,3,2,2,2
2,1,9,1,4,4,4,1,2,1,1
4,1,13,1,3,7,6,3,2,1,1
1,1,9,1,5,3,2,2,2,2,2
2,1,15,1,1,1,5,2,1,2,1
2,1,13,1,1,2,6,1,1,1,1
2,1,19,1,3,2,1,1,1,1,1
5,1,18,1,1,7,3,1,2,1,2
1,1,7,1,3,4,1,1,1,1,1
4,1,10,1,5,6,5,2,2,2,1
4,1,2,1,1,8,6,2,2,2,1
2,2,19,1,4,3,5,2,1,2,1
2,2,5,2,4,8,5,3,1,1,1
2,2,9,1,5,1,2,3,1,2,2
2,1,14,1,3,1,3,1,1,2,1
3,1,3,1,1,2,2,3,2,2,1
2,1,14,1,3,3,5,2,1,1,1
4,1,2,1,3,3,2,1,2,2,2
2,1,11,1,5,4,2,3,1,1,2
2,1,11,1,3,2,1,3,2,1,1
2,1,10,1,1,1,1,2,1,2,1
2,1,12,1,4,6,2,2,1,1,2
4,2,16,1,4,1,1,1,1,1,2
1,1,7,1,1,7,4,1,2,1,1
4,1,9,1,3,7,5,1,2,1,2
4,1,15,1,5,6,3,3,1,2,1
4,1,13,1,4,4,6,2,1,1,1
2,2,1,2,3,8,3,2,1,1,1
4,1,18,1,4,6,6,3,1,1,2
2,2,1,2,3,8,2,1,2,1,1
2,1,12,2,3,8,3,1,1,1,1
1,1,10,1,3,3,2,1,1,2,2
2,1,13,1,1,6,2,3,2,2,2
2,1,3,1,1,7,6,3,1,2,2
2,1,3,1,5,1,5,1,1,2,2
2,1,13,1,1,4,5,1,2,1,2
4,2,5,2,5,7,2,3,1,2,1
2,1,11,1,4,6,4,1,2,1,2
2,2,10,1,4,3,4,2,2,2,1
1,1,11,1,1,2,1,2,2,1,1
2,2,2,2,2,3,1,1,1,1,1
3,1,10,1,1,4,4,2,2,1,2
2,1,18,1,3,7,3,1,1,2,1
2,1,11,1,5,7,5,3,1,1,2
4,1,2,1,5,3,1,2,2,1,2
3,1,6,1,1,2,4,3,1,2,1
2,1,9,1,1,7,6,3,2,1,2
2,1,19,1,1,6,6,2,1,1,2
2,1,8,1,5,4,5,1,2,1,1
2,1,2,1,1,3,4,3,2,2,1
3,1,12,1,1,1,6,3,2,2,1
2,1,3,1,3,6,6,2,1,2,1
4,1,6,2,3,6,5,1,2,2,2
1,1,19,1,1,3,2,2,2,2,1
1,1,13,1,4,7,4,2,2,1,2
5,2,2,1,1,6,6,2,1,2,2
4,1,9,1,1,7,5,2,1,1,2
4,1,4,1,1,4,6,3,1,2,2
4,1,2,1,1,4,6,1,1,2,1
2,1,12,1,5,7,6,2,2,2,2
2,1,12,1,3,8,5,2,2,2,1
1,1,15,1,4,8,5,2,2,2,1
2,1,15,1,1,7,6,2,1,2,2
1,1,6,2,4,6,1,3,1,1,2
4,1,17,1,5,2,4,1,1,1,2
1,2,10,2,3,6,2,3,2,1,2
1,1,7,1,5,7,3,2,1,1,2
2,1,14,1,3,3,2,3,2,2,2
1,1,1,1,4,6,5,2,2,2,2
1,1,10,1,1,7,1,2,1,1,1
2,1,13,1,3,8,2,1,2,2,1
2,1,6,1,3,8,1,2,2,1,1
2,1,15,1,5,4,5,3,2,2,1
4,1,5,1,5,4,6,3,2,2,1
2,1,14,1,2,8,6,1,2,2,1
2,2,1,2,5,3,3,3,1,1,2
2,1,3,1,5,2,1,2,1,1,2
1,1,9,1,3,8,5,2,1,2,1
2,1,14,1,1,6,2,2,2,2,2
4,2,5,1,2,4,6,3,1,1,1
2,1,15,1,1,1,5,2,2,2,1
2,1,3,2,1,6,3,1,1,1,2
2,1,11,1,5,7,1,3,2,1,2
4,1,7,1,1,6,1,1,1,2,2
2,1,3,1,4,3,4,2,2,1,1
2,2,19,2,4,6,3,2,1,1,2
4,1,9,1,3,7,5,2,1,1,1
2,1,12,1,1,7,6,3,2,2,2
2,1,12,1,3,3,4,1,1,1,1
1,2,10,2,4,6,2,2,2,1,1
1,2,12,2,4,5,4,1,2,2,2
4,1,16,1,1,4,3,3,1,1,2
2,1,12,1,4,2,3,3,1,2,1
2,1,12,1,1,4,5,1,2,2,1
2,1,12,1,3,4,5,2,2,1,1
1,2,12,2,4,5,4,2,2,2,2
4,1,9,1,1,2,2,3,1,2,1
1,1,11,1,5,1,6,3,1,1,2
3,1,11,1,1,1,5,1,1,2,1
2,1,13,1,5,6,6,2,1,2,1
2,2,19,2,5,3,3,3,2,1,1
1,1,19,1,1,1,6,3,2,1,2
4,1,15,1,1,8,1,2,2,1,2
1,1,10,1,1,2,2,1,2,2,2
1,2,13,2,5,8,5,1,2,1,1
2,1,3,1,3,6,2,2,1,2,2
2,2,7,2,1,8,4,1,2,2,1
2,1,5,1,3,4,4,3,1,1,2
2,1,1,1,1,2,1,1,1,1,1
4,1,19,1,3,7,1,2,1,2,2
2,1,15,1,3,7,6,1,1,2,2
1,1,9,1,1,3,4,3,2,2,2
2,1,4,1,5,6,3,2,2,2,1
1,1,12,1,1,4,1,3,2,2,1
2,1,11,1,3,7,3,1,1,1,1
1,1,16,1,3,7,2,3,1,2,1
1,1,19,1,5,1,6,3,2,1,2
2,1,9,1,3,7,3,2,1,1,1
4,1,5,1,5,8,1,2,2,2,1
1,2,7,1,3,6,1,3,2,1,1
1,2,3,2,5,3,4,1,2,1,2
4,1,7,1,1,7,5,1,2,1,2
4,1,2,2,4,7,2,3,1,1,2
2,1,3,1,1,3,4,2,1,2,1
1,1,7,1,5,7,5,1,1,1,2
2,2,2,1,5,4,4,3,2,1,1
1,1,13,1,3,7,4,3,2,2,1
1,1,2,2,3,8,5,3,1,1,1
2,1,15,1,3,2,1,2,2,1,1
2,1,3,1,1,8,6,3,1,1,1
2,2,2,1,4,4,4,2,2,1,1
2,1,2,2,4,6,3,3,1,1,2
2,1,13,2,3,6,1,3,1,1,1
2,1,4,1,1,1,3,1,1,1,2
2,2,8,2,5,8,5,1,2,1,1
4,1,2,1,1,4,3,3,1,2,1
2,2,19,2,4,8,1,2,1,2,2
2,2,2,1,1,8,2,3,2,2,1
2,1,11,1,1,6,3,2,2,2,1
1,2,14,2,1,4,5,3,2,1,2
2,1,4,1,1,6,5,2,2,1,2
1,1,7,1,3,1,6,3,2,2,1
2,1,14,1,3,7,6,3,1,2,2
2,1,6,1,4,4,4,1,2,1,1
1,1,1,1,4,7,2,3,1,1,1
1,1,9,1,1,3,2,1,2,2,1
2,1,2,2,1,4,5,3,2,2,1
4,1,17,1,3,8,1,2,2,2,1
2,1,12,1,3,4,3,1,1,2,2
2,1,12,1,3,7,6,1,2,2,2
1,1,5,1,1,7,4,2,2,1,1
2,2,10,2,5,6,1,3,1,1,1
1,2,12,2,1,6,5,3,2,2,2
2,1,2,1,3,4,4,1,2,1,2
2,1,15,1,1,7,6,3,2,2,2
2,1,12,1,3,8,5,3,1,2,1
2,1,14,1,2,3,1,3,2,1,2
1,1,7,1,4,6,2,1,1,1,2
1,1,4,1,1,2,1,2,1,1,1
2,1,13,1,3,6,6,3,1,1,1
4,1,13,1,1,7,4,1,2,1,1
1,1,9,1,4,7,4,3,2,1,1
2,1,2,1,1,4,4,2,1,1,2
2,2,16,1,1,3,2,1,2,2,2
1,1,5,1,4,2,1,3,2,2,1
1,1,7,1,1,1,3,3,1,2,1
2,1,12,1,1,3,4,1,1,1,1
2,1,3,1,5,7,6,3,1,2,1
2,1,3,1,5,3,5,1,1,1,2
2,1,2,1,5,3,2,2,2,2,1
4,1,17,1,1,6,5,2,2,1,2
2,1,9,1,3,2,1,2,1,1,1
5,1,15,1,5,2,5,2,2,1,1
2,1,19,1,1,7,1,2,1,1,1
4,1,10,1,4,1,3,2,2,1,1
4,1,9,1,1,3,2,1,1,2,2
2,2,8,1,5,4,2,2,1,1,1
3,1,10,1,3,2,4,2,1,2,2
4,1,9,1,3,2,3,2,1,2,1
2,2,19,2,4,3,3,2,1,1,2
2,1,13,1,1,3,2,2,2,2,2
2,1,11,1,1,7,6,1,2,2,2
4,1,7,1,4,4,3,3,1,2,2
2,1,15,1,3,3,4,2,1,2,1
4,1,3,1,3,3,6,3,1,2,1
3,2,17,2,2,8,4,3,2,2,1
4,2,5,2,4,3,3,2,1,1,1
2,1,13,1,2,7,6,2,1,2,2
2,1,14,1,1,3,2,2,1,2,2
2,1,12,1,5,8,5,3,1,2,1
4,1,4,1,3,3,3,3,1,2,2
4,1,15,1,3,1,4,1,1,2,1
2,1,10,1,5,4,5,2,2,2,1
2,1,9,1,1,2,1,2,2,1,1
1,1,9,1,5,6,1,1,1,1,1
4,1,9,1,4,6,4,3,2,1,1
2,1,12,1,3,6,5,3,2,2,2
2,1,3,1,1,2,1,2,2,1,1
3,2,8,2,1,8,4,2,1,1,2
2,1,15,1,3,3,4,1,1,2,2
1,1,1,1,1,8,5,3,2,2,1
1,1,9,1,1,6,5,2,2,2,2
4,1,10,1,3,4,2,2,1,1,2
2,2,16,2,4,8,2,1,2,1,1
1,2,11,2,2,6,4,2,2,1,2
2,1,14,1,4,4,3,3,1,1,1
2,1,3,1,5,2,1,3,1,1,1
4,1,7,1,4,6,4,1,2,1,2
2,1,18,2,5,5,4,2,2,2,2
1,1,18,1,4,1,6,1,2,2,1
1,1,10,1,1,7,4,2,2,2,2
2,1,11,1,1,1,1,2,2,2,1
2,1,11,1,5,6,3,2,2,2,1
2,1,2,1,3,1,3,3,2,2,1
2,1,15,1,5,4,6,2,2,1,2
2,1,14,1,5,7,6,3,2,1,1
2,1,11,1,1,1,4,2,1,2,1
2,1,6,1,1,6,6,2,1,2,1
4,1,7,1,3,6,5,2,2,2,1
1,1,4,1,1,7,2,3,2,2,2
5,1,16,2,3,3,5,3,2,1,1
2,1,12,1,5,7,6,3,1,2,2
1,2,6,1,4,4,1,1,1,1,1
2,1,12,2,1,6,4,3,1,1,2
1,1,19,1,4,3,2,2,2,2,2
2,1,3,1,1,3,4,2,1,1,2
2,1,11,1,5,4,2,1,1,1,2
2,1,12,1,1,1,1,2,1,2,1
2,1,3,1,5,3,4,3,1,2,2
2,1,12,1,3,6,6,3,1,1,1
4,1,9,1,3,4,5,3,2,1,1
4,1,3,1,3,2,3,1,1,2,2
2,1,3,1,1,3,1,1,2,1,1
4,1,15,1,3,4,5,1,2,1,2
3,1,10,1,5,6,5,2,2,1,1
2,1,12,1,5,7,6,2,2,2,1
2,1,12,1,1,4,5,1,2,2,1
1,1,17,1,4,6,6,2,1,1,1
2,1,13,1,5,1,5,1,2,2,2
4,1,15,1,5,8,2,2,2,2,1
1,2,12,2,4,5,5,3,1,1,2
4,1,9,1,1,3,5,2,2,1,2
4,1,7,1,5,2,6,1,2,2,2
1,1,9,1,2,1,4,3,1,2,1
2,1,11,1,1,7,6,2,2,2,2
4,1,3,1,4,2,3,3,1,2,1
4,2,7,2,3,5,4,2,2,2,2
1,1,9,1,5,2,5,2,2,2,2
2,1,2,1,1,8,6,2,1,2,1
2,1,6,1,4,6,2,1,1,1,2
1,1,15,1,5,7,2,2,1,1,2
2,1,12,1,5,7,6,2,2,2,1
1,1,16,1,5,7,4,2,2,1,2
1,1,10,1,5,4,6,1,1,2,1
2,2,16,2,3,3,3,1,1,1,2
2,1,14,1,5,3,4,2,1,2,1
2,1,3,1,5,2,4,1,1,1,2
2,1,19,1,3,6,2,2,1,2,1
2,2,1,1,4,1,1,2,1,2,2
2,2,8,1,1,1,5,2,1,2,1
1,1,16,1,3,6,1,2,1,1,1
1,2,8,2,4,3,5,1,1,1,2
2,2,8,2,4,2,4,2,2,2,1
1,2,8,2,4,3,2,1,2,1,2
1,2,3,2,4,8,2,3,2,1,1
1,1,1,1,1,1,6,3,2,2,1
2,1,3,1,5,1,5,1,1,1,1
2,1,3,1,1,2,5,3,2,1,1
4,1,9,1,1,6,6,3,1,2,2
3,1,12,1,1,2,4,3,1,2,1
2,1,11,1,5,1,5,3,1,1,2
1,2,12,2,5,8,5,1,2,1,1
2,1,2,1,1,7,6,1,2,2,2
1,2,8,1,2,2,1,3,2,1,1
2,1,13,1,3,2,1,1,2,1,1
2,1,16,1,1,2,4,3,1,2,1
2,1,11,1,4,6,3,2,2,2,2
2,1,3,1,1,2,4,1,1,1,1
2,1,14,1,3,7,6,2,1,2,2
4,1,15,1,1,7,4,2,2,1,2
2,1,11,1,3,4,2,3,1,1,2
2,1,4,1,2,1,3,2,2,1,1
2,1,2,1,1,7,1,1,1,1,2
1,2,10,1,2,6,5,1,2,2,1
2,1,16,1,1,7,6,2,2,2,2
2,1,12,1,1,1,3,1,1,1,2
2,1,9,1,5,6,5,2,2,2,2
2,2,9,2,3,8,3,3,1,1,2
4,1,15,1,1,8,2,1,2,1,2
2,1,12,1,1,4,3,1,1,2,1
2,1,14,1,4,4,4,1,2,1,1
2,1,10,1,5,3,5,2,1,2,1
2,1,9,1,5,6,2,2,2,1,2
2,1,12,1,3,7,4,3,2,1,1
2,1,11,2,5,6,1,1,1,1,1
2,1,19,2,2,3,3,3,1,1,1
2,1,12,1,5,1,1,2,1,2,1
1,2,9,2,5,6,5,2,2,2,1
3,1,10,1,1,7,1,1,2,1,2
2,1,12,1,3,1,3,1,1,2,1
2,1,10,1,1,3,2,1,2,2,2
2,1,13,1,1,7,6,3,1,2,2
2,1,10,1,5,4,2,3,1,1,1
2,1,10,1,1,2,4,2,1,2,2
4,1,9,1,4,3,6,3,1,1,1
2,1,2,1,5,3,2,3,2,2,1
2,1,12,1,3,1,5,2,2,2,1
2,1,12,1,1,6,3,2,2,1,2
1,2,9,1,4,4,1,3,1,1,1
2,1,13,1,5,6,6,3,1,2,1
2,1,13,1,1,6,2,3,1,1,2
2,1,14,1,1,1,3,3,1,1,2
2,1,10,1,3,2,1,1,2,1,1
2,2,6,1,5,2,4,3,1,1,1
2,1,13,1,1,1,3,3,1,1,2
1,1,10,1,1,6,6,1,1,1,2
3,1,13,1,5,1,4,3,1,2,1
2,1,12,1,1,6,6,2,1,2,2
2,2,13,2,1,3,2,1,2,1,1
1,1,5,1,3,1,5,2,1,2,1
2,1,12,1,1,2,1,3,2,1,1
1,1,5,1,1,4,1,3,1,2,1
2,1,10,1,3,6,2,3,1,2,1
2,1,12,1,3,7,6,2,2,2,2
4,1,9,1,3,1,1,3,2,2,1
2,1,10,2,1,6,3,3,1,1,2
2,1,15,1,3,6,6,3,1,1,1
2,1,13,1,3,3,2,1,2,2,1
2,1,12,1,5,1,1,2,2,2,2
2,2,19,2,5,3,2,2,2,1,2
2,1,11,1,4,1,1,1,1,2,1
1,1,16,1,5,7,4,2,2,1,2
1,1,5,1,5,3,3,3,1,2,1
1,2,8,2,1,6,3,3,1,1,1
5,1,8,1,5,6,2,3,1,2,2
2,1,3,1,5,3,4,2,1,1,2
1,1,9,1,1,6,5,3,2,2,2
4,1,4,1,1,1,3,2,1,2,1
1,1,11,1,3,4,6,2,1,2,2
2,1,3,1,3,1,3,3,2,1,1
2,1,3,1,4,2,2,3,1,2,1
4,2,19,1,4,2,5,1,2,2,1
2,1,12,1,1,6,6,1,2,2,2
2,1,18,1,1,6,6,2,2,1,2
4,1,9,1,5,6,6,2,1,1,1
1,2,2,2,1,2,5,1,1,1,1
4,2,9,1,4,8,4,3,1,1,1
4,1,9,1,1,1,4,3,1,1,2
4,1,2,1,3,7,5,2,1,1,2
2,1,14,1,3,6,6,3,1,1,1
1,2,12,1,2,4,1,1,1,2,1
2,1,13,1,3,4,5,3,1,1,2
2,1,12,1,4,6,3,2,2,2,1
2,1,12,1,1,6,2,2,1,1,2
4,2,5,1,4,1,1,3,1,2,1
2,2,19,1,4,7,3,2,1,1,1
2,2,6,2,4,3,4,1,2,1,1
2,1,3,1,3,4,3,1,1,2,1
1,1,1,1,5,6,5,2,2,2,1
1,2,12,2,1,8,5,2,2,1,1
1,1,19,1,1,4,1,2,2,2,1
4,1,16,1,3,2,2,3,1,2,2
2,2,10,2,4,6,3,1,1,2,1
2,1,19,1,5,2,4,3,1,1,1
2,1,13,1,1,4,4,1,1,2,1
2,1,9,1,3,4,3,2,1,1,1
4,1,9,1,3,6,3,2,2,2,1
4,1,2,1,1,2,1,1,2,1,1
2,1,3,1,3,2,1,3,2,1,1
4,1,9,1,3,4,6,2,1,2,2
2,2,2,2,2,2,1,2,1,2,2
2,1,18,1,1,2,1,3,2,2,1
4,1,19,1,1,3,6,3,1,1,1
2,1,10,1,5,4,5,2,2,1,1
2,1,13,1,1,2,1,1,2,2,1
2,1,10,1,1,4,5,3,2,2,1
2,1,3,1,1,7,6,3,1,2,2
2,1,9,1,1,4,2,1,1,1,2
2,1,4,1,1,2,1,2,2,1,2
2,1,9,1,3,1,5,3,1,2,2
1,2,6,2,1,3,4,3,2,1,2
4,1,2,1,1,4,6,2,1,2,1
2,1,3,1,1,6,3,1,2,1,2
4,2,16,1,4,1,6,3,2,2,2
1,1,1,1,1,2,1,3,2,2,1
2,1,9,1,3,3,4,1,1,2,1
2,1,12,1,4,3,4,2,2,1,1
4,1,7,1,4,8,1,3,2,2,2
1,1,10,1,1,2,1,2,2,1,1
4,1,2,1,5,1,3,1,1,2,2
2,1,12,1,4,3,4,2,1,1,1
2,1,12,1,1,1,1,2,2,2,1
2,1,12,1,3,1,5,2,1,2,1
1,1,10,1,5,3,2,3,2,2,2
2,1,11,1,1,3,4,3,2,2,1
2,1,9,1,1,1,3,3,1,1,2
2,1,3,1,3,6,6,2,1,2,1
2,1,12,1,1,4,2,2,2,1,2
2,1,2,1,5,1,3,1,1,1,2
1,1,7,1,1,7,2,3,1,2,2
1,2,12,1,1,2,5,3,1,2,1
1,1,2,1,1,8,5,1,2,2,1
1,1,1,1,2,7,2,3,2,1,1
2,1,12,1,5,4,3,1,1,2,1
1,1,9,1,5,2,2,2,2,2,2
4,1,14,1,5,7,4,3,1,1,2
1,1,18,1,3,3,5,2,1,1,2
1,1,19,1,3,2,3,3,1,2,2
4,2,7,2,4,6,5,1,2,2,1
2,1,5,1,1,4,5,3,2,2,2
2,1,12,1,5,7,6,2,1,2,1
4,1,9,1,3,6,1,1,2,1,1
4,1,9,1,3,7,1,2,2,1,1
2,1,9,1,3,6,3,3,2,2,1
1,1,1,1,5,6,5,2,2,2,2
2,2,2,2,2,6,1,1,2,1,1
5,1,4,1,4,8,4,1,1,1,1
4,2,4,2,4,8,2,1,1,1,2
1,2,15,2,5,8,5,1,2,1,1
2,2,1,1,1,6,1,3,1,2,2
2,1,12,1,1,4,4,1,2,1,2
1,1,19,1,3,2,1,2,2,1,1
2,1,10,1,5,7,4,3,2,1,2
2,1,12,1,5,1,1,2,1,2,2
2,1,12,1,3,2,1,2,1,1,2
1,1,7,1,1,3,3,1,2,2,2
2,1,12,1,1,4,2,2,1,2,2
1,2,14,2,4,6,5,3,2,2,1
2,1,13,1,1,2,3,3,2,2,1
1,2,14,2,4,3,2,3,1,1,1
4,1,19,1,5,2,4,1,1,1,1
1,1,9,1,2,3,2,3,2,2,1
2,1,13,1,1,1,5,3,2,2,1
1,2,12,2,1,8,5,1,1,1,2
1,1,12,1,1,2,4,3,1,2,1
1,2,13,1,4,3,2,2,2,2,2
1,1,15,1,1,3,3,3,2,2,1
1,2,14,1,2,4,1,3,2,2,2
2,1,9,1,1,7,6,3,1,2,2
2,1,12,2,1,3,1,1,2,1,2
1,1,7,1,3,3,2,1,2,2,2
2,1,12,1,3,6,5,2,2,2,2
2,1,13,1,3,1,5,3,2,1,1
1,1,16,1,3,7,1,2,2,1,1
2,1,11,1,1,8,5,3,1,2,1
1,2,10,2,4,6,5,2,2,2,1
1,1,7,1,1,8,5,2,1,2,1
2,1,3,1,5,3,4,3,1,2,1
5,1,6,1,1,3,1,2,2,1,2
5,1,18,1,2,1,3,3,2,1,1
4,1,6,1,1,1,3,3,2,1,2
2,1,19,2,5,4,2,1,2,1,1
1,1,6,1,1,4,6,2,1,2,1
2,1,13,1,5,4,6,3,1,1,1
1,1,10,1,1,2,5,2,1,1,1
1,1,12,1,5,6,5,3,2,2,1
1,1,11,1,3,2,3,1,1,2,1
2,1,13,1,1,3,4,1,1,1,2
2,1,15,1,1,2,1,1,1,1,1
1,1,10,1,1,6,3,3,2,2,1
2,1,3,1,5,4,2,3,1,1,1
2,1,6,1,5,6,3,3,2,2,1
4,1,11,1,1,1,6,1,2,2,1
1,2,9,2,3,6,5,3,2,2,2
2,1,12,1,1,8,3,1,2,1,2
1,1,10,1,1,1,5,2,1,2,1
2,1,10,1,3,3,2,2,2,2,1
1,1,16,1,1,1,3,3,1,2,1
1,1,13,1,1,1,3,3,1,1,2
2,1,13,1,5,4,5,1,2,1,1
2,2,10,2,4,3,4,3,1,2,2
1,1,18,1,5,4,6,2,1,2,1
4,1,9,1,1,7,5,3,1,1,2
1,1,19,1,5,2,1,1,1,1,1
2,1,3,1,3,1,5,1,1,1,1
2,2,9,2,4,8,1,1,1,1,1
2,2,10,2,1,6,3,3,1,1,2
2,2,7,1,5,7,6,3,2,2,1
1,1,7,1,3,3,1,3,2,1,2
2,1,12,1,5,6,2,3,1,1,2
1,1,8,1,3,7,2,1,2,2,2
1,1,18,2,5,3,1,3,2,1,2
2,1,10,1,4,7,6,2,1,2,1
4,1,4,1,5,6,3,2,2,2,1
3,1,12,1,1,7,5,3,1,1,2
4,2,7,2,2,3,6,2,2,1,2
2,1,3,1,4,4,4,2,2,1,1
2,2,8,2,4,3,3,1,1,1,1
2,1,12,1,3,8,6,1,1,2,1
4,1,4,1,4,1,1,3,1,2,1
2,1,12,1,3,1,1,2,1,2,2
2,1,12,1,5,7,6,3,1,2,2
2,1,13,1,1,3,4,1,1,1,2
2,1,10,1,5,4,5,3,1,2,2
1,1,6,1,1,2,1,2,2,1,1
2,2,19,1,4,6,5,2,2,2,2
2,1,12,1,5,2,4,2,1,1,2
4,1,2,1,1,4,6,2,2,1,2
2,1,14,1,1,4,2,2,1,1,2
4,1,4,1,1,3,2,3,2,2,2
2,1,13,1,3,2,6,2,2,2,2
2,1,13,1,2,1,3,2,1,1,1
1,1,19,1,1,6,1,2,1,2,2
4,1,18,1,5,2,1,1,2,1,2
2,1,6,1,1,2,5,1,1,1,1
2,1,13,1,3,3,4,3,2,1,1
1,2,8,2,4,6,4,2,1,1,2
2,1,12,1,1,6,6,1,2,1,2
2,1,12,1,1,4,3,1,1,2,1
2,1,2,2,5,8,2,1,2,1,1
4,1,2,1,4,6,5,1,2,2,2
2,1,2,1,1,7,6,1,2,2,1
2,1,3,1,5,6,3,1,2,2,1
2,1,5,1,3,1,4,2,2,1,2
4,1,17,1,1,8,1,3,2,2,1
4,1,9,1,4,6,1,2,1,2,2
2,2,16,2,4,6,4,3,1,1,2
4,1,15,1,1,2,2,3,1,1,1
2,1,13,1,5,2,1,1,2,1,1
3,2,8,1,3,6,5,2,2,1,1
4,1,15,1,1,3,3,3,1,2,1
2,1,13,1,1,6,3,3,2,2,2
1,2,13,1,5,3,4,3,1,1,2
2,1,15,1,4,4,2,1,1,1,1
1,1,10,1,5,2,3,3,1,2,1
2,2,8,2,2,3,3,3,1,1,2
2,1,15,1,5,1,1,3,1,2,2
2,1,11,1,3,7,6,1,2,2,2
4,1,14,1,1,4,4,3,2,1,2
1,1,1,1,1,8,5,3,1,2,1
2,1,1,1,5,6,6,2,1,1,1
2,2,8,1,2,6,6,3,1,2,1
2,1,3,1,3,4,3,3,1,1,2
1,1,19,1,3,7,2,2,2,1,1
1,1,1,1,1,7,5,3,1,2,2
2,1,13,1,5,6,3,1,2,2,1
2,1,4,1,5,1,5,1,2,2,2
2,2,19,2,4,7,4,1,1,1,2
1,1,9,1,4,1,3,2,2,1,2
2,1,2,1,3,1,1,3,1,1,2
2,1,2,1,4,6,5,3,2,2,1
2,1,12,1,1,7,6,1,2,2,2
2,1,19,1,3,2,1,3,1,1,1
2,1,19,1,1,1,3,3,2,2,1
2,1,9,1,3,7,6,3,1,2,2
4,1,9,1,3,1,1,3,2,1,1
2,2,2,2,2,2,2,2,2,2,2
2,1,12,1,5,6,6,3,1,2,1
1,1,10,1,1,7,4,2,2,2,1
1,1,7,1,1,4,6,3,1,2,1
1,1,10,1,1,4,1,1,2,1,2
2,2,17,2,4,5,6,2,1,1,2
4,1,1,1,1,2,5,3,2,2,1
1,1,6,1,3,6,5,1,2,2,1
1,1,5,1,4,7,3,2,1,2,2
2,2,2,1,1,3,1,3,2,1,1
2,1,3,1,5,2,2,2,2,1,2
2,1,12,1,1,2,1,3,2,1,1
2,1,3,1,3,1,3,1,1,2,2
4,1,11,1,1,2,6,1,1,1,1
2,2,16,1,4,1,1,1,2,2,2
2,1,16,1,5,7,6,1,1,2,2
2,1,12,1,1,2,2,2,2,1,1
2,1,3,1,1,6,6,3,2,1,2
4,2,4,2,3,6,3,2,2,1,1
1,1,6,1,1,7,4,3,2,1,2
2,1,18,2,5,8,3,1,2,1,1
2,2,19,1,4,3,5,2,2,1,1
4,1,7,1,3,1,1,2,1,1,2
2,2,6,2,5,8,2,2,2,1,1
2,1,12,1,5,1,5,3,1,2,2
4,1,6,1,5,2,2,3,2,1,1
2,1,19,1,1,1,3,1,2,2,1
2,1,3,1,1,7,1,2,1,1,2
2,1,10,1,1,1,1,1,1,2,1
2,1,11,2,1,6,3,2,1,2,2
2,2,2,2,4,6,3,3,1,1,2
4,1,7,1,1,6,5,1,2,2,1
2,1,14,1,1,2,1,1,1,1,1
2,1,3,1,3,7,6,3,2,2,2
4,1,9,1,1,6,6,3,1,1,2
3,1,11,1,1,4,4,3,2,1,2
4,1,4,1,1,3,2,3,2,2,2
2,1,2,1,3,7,3,3,1,1,1
5,1,6,1,4,6,6,3,2,1,2
1,1,1,1,4,3,2,2,2,2,2
2,1,10,1,1,3,4,3,1,2,2
2,2,16,2,1,2,2,1,2,1,1
3,1,14,1,1,1,5,1,1,1,2
4,1,18,1,1,1,5,1,1,1,2
2,1,11,1,2,1,3,2,1,1,1
2,1,13,1,5,1,3,1,2,1,2
2,1,12,1,1,7,3,1,1,1,2
2,2,3,1,3,7,6,3,2,2,2
2,2,6,1,4,7,3,2,2,2,1
1,1,10,1,3,6,5,2,2,2,2
2,1,14,2,1,7,3,3,2,2,2
4,1,9,1,1,1,1,3,1,2,1
2,1,3,1,5,6,3,2,2,2,2
3,1,19,1,1,2,4,2,1,2,1
2,1,3,1,3,4,6,3,1,1,2
2,1,18,1,5,8,4,1,1,1,1
1,1,16,1,1,7,2,1,2,1,2
2,1,14,1,4,2,1,2,2,1,2
2,1,14,1,1,6,6,1,1,1,2
2,1,3,1,1,1,5,2,1,2,1
1,1,11,1,1,1,3,3,1,1,2
2,1,13,1,5,1,3,1,2,1,2
2,2,10,1,2,2,5,1,1,1,1
2,1,6,1,1,6,6,3,1,1,2
2,1,3,1,5,3,4,3,2,1,2
2,1,9,1,1,1,5,1,2,2,1
2,1,12,1,5,8,5,3,2,2,1
2,1,12,1,3,4,2,1,1,1,1
2,1,14,1,3,3,1,3,2,1,1
1,1,16,1,4,4,1,3,1,2,1
4,1,10,1,4,4,2,2,1,1,2
1,1,7,1,1,4,1,1,2,2,2
2,1,12,1,5,6,6,3,2,1,2
1,1,7,1,5,7,4,1,2,2,1
2,1,4,1,5,3,1,3,2,1,2
2,1,2,1,3,4,1,3,2,2,2
4,1,7,1,3,1,3,1,2,1,1
2,1,4,1,3,7,6,3,1,2,2
2,1,12,1,1,3,2,2,2,1,2
2,1,2,1,3,2,5,3,1,2,2
1,1,7,1,3,8,2,2,2,2,1
2,1,2,1,3,4,2,3,2,1,2
2,1,12,1,1,1,5,3,1,2,1
2,1,12,1,3,2,3,1,2,2,2
4,1,7,1,3,3,3,1,1,2,2
2,1,3,1,3,8,5,2,2,2,1
5,1,18,1,5,4,6,2,1,1,2
2,1,12,1,4,2,1,1,2,1,2
2,1,12,1,1,4,5,2,2,2,2
2,1,12,1,1,3,2,2,2,1,1
2,1,14,1,4,1,3,3,1,2,1
4,1,16,1,2,7,4,2,2,1,1
2,1,10,1,5,1,3,3,2,1,1
4,1,11,1,1,7,2,1,2,2,1
2,1,3,1,1,7,6,2,1,2,2
1,2,12,2,4,2,4,2,2,2,1
2,1,10,1,4,6,6,2,1,1,2
2,1,1,1,5,6,3,2,1,2,1
4,1,18,1,5,5,6,2,2,2,1
4,1,15,1,3,4,5,1,2,1,2
1,1,7,1,5,1,4,3,2,1,1
1,2,18,1,1,1,6,2,2,2,1
1,1,7,1,3,6,5,1,2,2,2
2,1,11,1,5,1,3,1,2,1,2
1,1,18,1,2,2,2,1,1,2,2
2,1,8,1,5,4,4,2,2,1,1
2,1,11,1,1,2,3,3,1,2,1
4,1,10,1,1,7,4,2,2,1,2
2,1,3,1,3,7,6,3,1,2,2
2,1,11,1,5,7,6,2,1,1,2
1,1,7,2,1,2,4,1,2,2,1
4,1,10,1,5,4,5,3,2,1,1
1,2,4,2,2,8,5,3,2,1,2
1,1,6,1,4,3,2,2,2,2,2
1,2,13,2,4,8,2,2,2,1,1
4,1,3,1,1,4,3,2,1,1,2
1,2,9,1,4,3,3,3,1,1,2
2,1,13,1,4,2,1,1,2,2,1
2,1,13,1,3,6,3,2,2,2,2
2,1,3,1,1,1,2,3,1,2,1
1,2,14,1,1,7,5,1,1,1,2
1,1,13,1,5,4,1,3,1,2,2
2,1,9,1,3,1,3,2,2,1,2
1,1,16,1,5,6,1,3,1,1,1
2,1,13,1,4,4,2,2,1,1,2
2,2,8,1,5,2,1,3,2,1,1
2,1,12,1,1,8,4,3,1,1,2
1,1,13,1,3,6,5,3,2,2,2
2,1,19,1,4,4,3,1,1,2,1
1,1,10,1,1,7,4,2,2,1,2
2,1,14,1,1,4,1,3,1,2,1
1,1,15,1,3,4,1,1,2,1,1
4,1,15,1,5,2,2,3,1,2,1
2,1,18,1,3,1,1,2,1,1,1
1,2,6,2,1,6,1,3,2,1,2
1,1,5,1,5,4,4,2,2,1,1
2,1,12,1,1,6,6,3,1,1,2
1,1,9,1,1,4,2,2,1,1,2
1,2,10,2,5,6,1,1,1,1,1
4,1,13,1,5,7,6,3,2,2,1
2,1,17,1,5,8,6,3,1,2,1
1,1,9,1,5,3,3,3,2,2,2
2,2,10,2,4,8,1,3,1,1,1
2,2,2,1,3,7,6,2,1,2,2
4,1,9,1,1,1,6,3,2,1,2
1,2,2,2,5,5,5,1,1,2,1
2,1,12,1,5,2,3,2,1,2,2
2,1,12,1,1,6,5,3,2,2,2
1,1,14,2,1,6,6,1,2,1,2
1,1,11,1,1,4,1,1,2,2,1
2,1,10,1,1,6,2,1,1,2,2
4,2,1,1,5,3,6,3,1,1,2
2,2,2,1,1,3,2,2,2,2,2
2,1,18,1,3,7,5,2,2,2,2
2,1,16,1,5,8,3,2,2,1,1
4,1,7,1,3,6,3,3,2,2,2
2,1,5,1,3,2,1,1,2,1,1
2,2,6,1,3,1,3,2,2,1,2
2,1,12,1,1,2,1,3,2,1,1
2,1,10,2,1,6,3,3,1,1,2
4,1,2,1,1,2,2,2,2,1,1
1,2,9,1,1,7,5,1,1,2,2
1,2,7,1,2,6,5,1,2,1,1
3,1,10,1,1,3,6,2,1,2,2
2,1,3,1,1,2,1,2,1,1,1
1,1,11,1,5,3,1,3,2,1,1
1,1,10,1,1,4,4,3,1,1,2
2,1,6,1,1,6,6,2,2,1,2
4,2,9,1,5,1,1,3,2,2,2
1,1,9,2,1,8,5,3,1,1,2
1,2,13,2,4,3,4,3,2,1,2
2,1,18,1,5,2,1,2,2,1,1
4,1,3,1,3,8,4,3,1,1,1
2,2,16,2,2,3,2,3,2,1,2
4,1,11,1,4,1,1,3,1,1,2
4,1,11,1,4,6,6,1,1,1,2
2,2,6,2,4,6,3,2,1,1,2
4,1,7,1,1,1,5,2,1,2,1
2,2,1,1,1,1,5,1,1,1,2
2,1,19,2,5,3,6,1,2,1,2
2,2,8,1,3,4,4,1,2,1,1
4,1,9,1,1,2,3,1,2,2,1
3,1,12,1,3,6,3,1,2,2,2
2,2,1,2,5,8,4,3,2,2,1
5,1,5,1,1,1,5,3,2,2,1
2,1,12,1,1,3,4,3,1,2,1
4,1,9,1,2,1,1,2,2,1,1
4,1,13,1,4,2,2,1,2,1,2
1,2,12,2,4,3,6,3,2,1,1
1,1,10,1,5,7,4,1,2,2,2
2,1,14,1,1,3,3,3,1,2,2
4,1,2,1,1,4,5,1,2,1,2
2,2,10,1,3,6,3,3,2,2,2
2,2,10,2,3,8,4,3,2,2,1
1,2,8,1,4,3,2,3,1,2,2
2,1,3,1,5,2,2,3,1,1,1
2,1,3,1,1,8,1,2,2,2,1
1,1,5,1,4,3,2,2,2,2,1
4,1,9,1,1,6,6,2,1,1,2
1,1,4,1,3,6,5,1,2,2,1
4,1,10,1,1,4,2,3,1,1,2
1,1,2,1,3,2,1,3,1,1,2
5,1,1,1,1,1,5,3,2,1,2
2,1,9,1,5,4,5,2,2,2,1
1,1,5,1,5,4,1,2,1,1,1
1,1,19,1,5,6,5,2,2,2,2
1,2,8,1,5,6,5,1,2,2,1
2,1,3,1,1,7,4,2,2,1,1
4,2,5,2,4,8,4,2,1,1,1
2,1,10,1,1,6,2,1,1,2,2
2,1,12,1,5,1,3,2,2,1,1
2,1,13,1,1,3,2,3,2,2,1
2,1,10,1,1,6,2,1,1,2,2
2,1,12,1,4,4,1,3,2,2,1
2,1,12,1,1,2,1,3,2,1,1
2,1,14,1,4,4,5,3,2,2,2
5,2,11,1,3,3,4,3,1,1,1
2,1,7,1,3,3,5,2,2,2,2
1,1,13,1,5,7,4,3,2,1,2
1,1,17,1,3,3,3,3,1,2,2
2,1,11,1,1,4,2,1,1,1,2
2,1,19,1,1,4,4,3,2,1,2
4,1,15,1,1,4,5,3,2,1,2
2,1,3,1,1,2,6,3,1,2,1
2,1,13,1,3,5,6,3,1,2,1
3,2,10,2,3,5,1,1,1,1,2
2,2,8,1,2,6,5,2,2,2,2
4,1,9,1,1,1,3,1,2,1,2
1,2,14,2,5,8,5,3,1,1,1
2,1,12,1,1,6,2,2,2,2,2
4,1,9,1,1,3,5,3,1,1,2
2,2,1,2,4,5,5,1,1,1,2
4,1,9,1,1,3,3,3,1,2,1
2,1,16,2,5,8,3,2,1,1,1
4,1,11,1,1,6,1,3,1,1,2
2,2,1,1,4,6,6,1,1,1,2
2,1,15,1,3,7,2,3,2,1,1
1,1,17,1,5,4,1,1,2,2,1
1,1,10,1,3,6,5,2,2,1,1
2,1,2,1,5,4,5,2,2,1,1
1,1,10,1,2,6,5,2,2,2,1
2,1,2,1,3,4,1,1,1,2,2
4,2,7,1,4,6,1,2,1,1,2
4,1,9,1,3,1,4,2,2,1,1
1,1,18,1,3,2,2,1,2,1,2
4,1,7,1,1,2,1,3,2,1,1
1,1,18,1,1,7,5,1,2,1,2
2,1,16,1,1,4,2,1,1,1,2
4,1,2,1,1,3,3,3,1,2,2
1,1,6,1,2,3,2,3,1,2,1
1,1,13,1,1,4,4,1,2,2,1
1,1,16,1,3,7,4,3,2,1,1
2,2,6,1,4,8,4,2,1,1,1
4,1,10,1,3,7,5,3,2,1,1
1,1,10,1,4,7,5,2,1,2,2
1,1,14,1,1,2,4,3,1,2,1
2,1,13,1,1,2,1,1,2,1,1
1,1,1,1,4,4,1,2,1,2,2
2,1,3,1,5,6,6,1,1,1,2
4,1,3,1,4,2,1,2,1,1,2
2,1,17,1,4,6,1,1,1,2,1
4,1,17,1,4,2,2,3,2,1,1
2,1,14,1,4,2,5,2,1,2,1
4,1,2,1,4,3,1,3,2,1,2
1,1,10,1,4,7,2,2,1,1,2
1,1,5,1,1,6,5,1,2,2,2
2,2,6,1,1,4,2,3,1,1,2
1,1,7,1,1,7,3,2,1,1,2
4,1,15,1,3,7,4,1,2,1,1
2,1,3,1,4,3,2,3,2,2,2
4,1,9,1,1,6,6,3,2,1,2
2,1,19,1,1,2,1,2,2,1,1
2,1,12,1,5,4,5,3,2,1,1
2,1,3,1,1,1,3,3,2,1,2
1,1,18,2,5,6,1,2,2,1,1
2,1,12,1,1,4,2,1,2,1,2
2,1,11,1,1,1,3,3,1,1,2
4,1,10,1,2,4,4,2,2,1,1
2,1,15,2,1,7,3,3,1,2,1
1,1,9,1,1,6,6,3,2,2,2
2,1,12,1,1,1,3,2,2,1,2
2,2,7,2,3,3,4,2,2,1,1
1,1,1,1,1,3,1,1,2,1,1
2,1,13,1,5,7,2,1,2,2,1
2,1,3,1,1,7,6,3,1,2,2
1,1,9,1,2,3,2,2,2,2,1
2,1,10,1,1,6,2,1,1,2,2
1,1,7,1,5,4,1,3,2,2,2
2,1,10,1,5,8,1,3,2,2,1
1,1,11,2,5,3,4,2,1,1,2
2,2,6,1,5,4,3,2,1,2,1
1,2,6,2,3,6,6,2,1,1,1
4,1,15,1,4,3,2,2,1,2,2
1,1,19,1,1,1,3,3,2,1,2
2,1,11,1,5,1,3,1,1,1,2
2,2,6,1,4,4,4,1,1,1,2
1,2,2,2,4,8,5,3,1,1,2
2,1,2,1,5,6,6,1,1,1,2
4,1,7,1,5,2,1,3,2,1,1
4,1,17,1,5,7,4,1,2,1,1
2,2,10,2,1,5,5,2,1,1,1
1,1,8,1,1,8,1,2,2,2,1
2,1,18,1,1,1,3,1,2,1,2
2,1,11,1,2,7,3,2,1,1,1
1,1,7,1,3,7,4,2,2,1,1
2,1,11,1,1,7,6,3,2,2,2
2,1,3,1,5,7,5,1,2,1,2
2,1,15,1,1,3,5,2,1,1,1
2,1,10,1,4,6,5,2,2,2,2
2,1,12,1,5,4,6,2,1,2,1
1,1,9,1,3,3,3,2,1,2,2
2,2,17,2,3,8,2,3,1,2,1
1,1,11,1,1,2,3,3,1,2,1
2,1,12,1,1,3,4,3,1,1,1
3,1,3,1,4,7,6,2,1,2,2
2,1,15,1,3,2,1,2,2,1,1
1,1,10,1,1,1,6,3,2,2,1
2,1,6,1,5,3,4,1,2,2,2
2,1,15,2,4,8,4,1,1,2,1
2,1,2,1,5,7,6,3,2,2,1
4,1,6,2,3,3,4,3,2,2,2
2,1,12,1,5,6,6,3,2,2,1
4,1,7,1,1,4,5,1,2,2,1
1,1,9,1,1,6,2,2,1,2,2
2,1,5,1,5,6,5,2,2,2,1
1,1,4,1,5,8,3,3,2,1,1
2,1,2,1,3,3,4,3,1,2,2
1,1,5,1,1,3,3,2,1,2,2
2,2,19,1,3,4,2,3,1,1,1
2,1,12,1,4,4,5,3,2,1,1
2,1,12,1,5,4,4,2,1,1,1
1,1,9,1,1,1,5,3,2,2,1
1,1,13,1,1,1,6,3,2,2,1
2,2,2,2,4,8,4,2,1,2,1
2,1,6,2,4,2,5,1,1,1,2
1,2,12,1,4,4,1,1,1,2,1
2,1,12,1,3,6,2,1,2,2,2
1,1,16,1,5,1,6,1,2,1,2
2,2,17,2,2,3,2,2,2,1,1
2,1,14,1,3,3,2,1,2,2,1
1,1,5,1,3,4,1,1,1,2,2
1,1,1,1,3,3,2,1,2,2,1
1,2,5,1,5,6,6,3,2,2,2
1,1,16,1,3,2,1,2,2,1,1
2,1,16,1,3,1,3,1,2,1,1
4,2,17,1,1,1,6,3,1,1,2
4,1,6,1,4,3,6,1,1,2,2
2,1,14,1,1,3,2,2,1,2,1
2,1,12,1,1,8,6,3,2,2,1
2,1,14,1,3,1,1,1,2,2,1
4,2,9,2,4,6,5,2,2,2,1
1,1,5,1,5,4,1,3,1,2,1
2,1,3,1,4,6,3,1,2,1,2
2,1,18,1,5,6,3,2,1,2,2
1,1,9,1,1,1,6,3,2,2,1
2,2,6,2,4,7,1,1,2,1,2
4,1,7,2,5,5,4,3,2,2,2
4,1,7,1,2,6,5,2,2,1,1
1,1,19,1,5,2,1,1,2,1,1
2,1,2,1,3,6,6,2,1,1,1
2,1,3,1,1,6,3,2,2,2,2
2,1,13,1,3,6,2,2,1,2,2
2,1,12,1,1,2,1,2,1,1,1
1,2,4,2,1,8,3,1,2,1,2
4,1,2,2,1,8,1,2,1,1,2
4,1,4,1,1,4,5,3,2,1,2
2,1,5,1,1,3,4,1,1,1,1
2,1,2,1,5,2,1,2,2,1,2
2,1,3,1,1,2,1,2,2,1,1
2,1,13,1,5,6,6,2,1,2,2
1,1,18,1,3,3,2,3,2,2,2
2,2,17,1,1,6,5,3,1,2,2
1,1,9,1,1,6,6,3,1,1,2
4,2,7,1,5,6,2,3,1,2,1
2,1,19,1,3,6,5,2,2,2,1
2,2,12,2,5,6,4,3,1,1,2
2,1,12,1,1,4,4,3,2,2,1
4,1,6,1,4,2,6,3,1,2,1
1,1,7,1,5,7,3,2,1,1,2
1,1,10,1,5,8,4,3,1,1,1
1,1,10,1,1,4,1,2,2,1,2
2,1,2,1,5,7,1,1,2,2,2
5,1,18,1,2,8,6,1,1,2,1
1,1,10,1,5,4,1,3,2,1,1
4,2,9,2,4,8,6,3,2,1,1
2,1,3,1,3,6,6,3,2,2,2
2,1,13,1,1,2,6,3,1,2,1
1,1,14,1,5,1,6,1,2,2,1
2,1,3,1,1,4,4,2,2,2,1
2,1,12,1,3,7,6,1,2,2,2
2,1,12,1,3,3,4,1,1,2,2
1,1,17,1,4,6,5,2,2,2,1
4,1,4,1,3,6,5,2,2,2,2
4,1,15,1,4,6,1,2,2,2,1
2,1,11,1,3,2,1,2,1,2,2
2,1,3,1,3,4,3,1,1,1,2
2,1,3,1,4,2,1,3,2,1,2
1,1,5,1,4,2,1,1,1,1,2
4,1,6,1,5,1,1,2,2,2,2
2,1,12,1,3,1,3,1,2,1,1
2,1,13,1,1,2,3,3,1,2,1
1,1,5,1,4,4,6,2,2,2,1
2,1,19,1,1,4,6,3,1,2,1
2,1,3,1,1,2,6,3,2,2,1
2,1,12,1,5,7,6,2,2,2,1
4,1,17,1,3,4,3,3,1,2,2
5,1,18,1,3,7,6,1,1,2,1
1,1,11,1,5,6,1,2,1,2,1
2,1,13,1,1,1,1,1,1,2,1
2,1,3,1,1,7,3,3,1,1,2
2,1,2,1,1,7,6,1,1,2,2
2,1,11,1,1,6,6,1,2,1,2
4,1,2,1,4,4,2,3,1,1,1
2,1,10,1,5,4,5,3,2,2,1
1,1,6,1,3,4,1,3,2,1,2
2,1,16,1,1,6,3,1,2,2,2
2,1,15,1,3,4,3,3,1,1,1
2,1,14,1,1,2,1,3,1,1,1
1,2,13,2,4,2,5,3,1,1,2
2,2,2,2,4,3,1,2,2,1,1
2,1,2,1,1,2,1,1,2,2,1
1,1,11,1,5,3,1,2,2,2,2
2,1,12,1,4,7,6,3,1,2,2
2,1,10,1,1,2,6,3,2,2,1
2,1,11,1,3,3,4,3,2,1,1
2,1,12,1,3,2,3,1,1,2,2
4,1,5,1,1,4,6,3,2,1,2
1,2,8,2,2,6,3,1,1,2,1
1,1,9,1,4,4,1,1,2,2,1
2,1,12,1,5,8,5,3,1,2,2
2,1,18,1,3,8,2,2,2,2,1
2,1,12,1,3,7,6,1,2,2,2
2,1,13,1,3,7,6,3,2,2,2
1,2,13,2,4,5,4,2,2,2,2
1,1,3,2,1,6,3,1,1,1,2
2,1,12,1,2,3,4,3,1,1,1
2,1,12,1,5,6,2,3,1,2,2
4,2,9,2,5,3,6,2,1,1,2
2,2,1,1,5,2,4,1,1,2,2
2,1,16,1,1,1,1,2,2,2,1
2,1,18,2,3,6,1,1,2,1,2
2,1,1,1,3,6,2,3,1,2,2
1,1,5,2,1,1,1,2,2,1,2
2,2,2,1,2,4,1,2,2,2,1
2,2,14,1,5,3,2,1,2,2,1
2,1,12,1,4,7,6,1,1,2,1
2,1,3,1,3,1,5,1,2,1,1
2,1,14,1,1,1,5,3,2,2,1
2,1,10,1,3,6,5,3,2,2,1
1,1,9,1,1,4,4,2,2,1,2
2,1,10,1,1,7,6,2,1,2,1
4,1,9,1,3,4,6,1,1,1,1
1,2,9,2,3,8,5,3,1,1,1
2,1,6,1,5,3,4,2,1,2,1
1,2,9,2,4,6,5,3,2,2,2
1,1,18,1,1,8,4,2,1,2,1
5,1,12,1,1,1,4,3,2,1,2
2,1,16,1,4,7,1,3,1,1,2
2,1,12,1,1,1,3,1,1,1,2
2,1,13,1,1,4,2,2,2,1,2
4,1,6,2,2,3,1,1,2,1,2
2,1,13,1,1,5,1,2,1,2,1
2,2,5,1,4,7,3,2,1,1,2
2,1,2,1,3,1,6,2,2,2,1
