AGEP,SEX,EDU,MSP,PINCP,HOUSING_TYPE,OWN_RENT,DENSITY
41.0,1,12,2.0,144934.0,1,2,120.80313110351562
58.0,1,10,1.0,119068.0,3,2,159.94293212890625
85.0,1,9,1.0,127486.0,2,1,147.9882354736328
56.0,2,12,2.0,133088.0,2,1,139.7469482421875
84.0,2,6,2.0,83086.0,1,2,133.68775939941406
41.0,2,10,2.0,122759.0,1,0,122.42623138427734
28.0,1,12,1.0,145861.0,3,0,152.2574462890625
47.0,1,1,1.0,23408.0,2,1,154.35592651367188
52.0,1,4,2.0,51044.0,3,0,155.82643127441406
22.0,1,11,2.0,131137.0,2,2,136.2091064453125
49.0,1,3,1.0,50942.0,2,0,128.40771484375
90.0,1,8,1.0,101924.0,1,0,105.32072448730467
33.0,1,8,1.0,96213.0,1,0,129.5869140625
75.0,1,11,2.0,133654.0,1,0,117.16287994384766
57.0,1,9,2.0,111080.0,2,1,141.96786499023438
22.0,2,11,1.0,124921.0,2,1,159.09947204589844
31.0,1,5,2.0,65192.0,1,0,130.2338409423828
66.0,1,7,1.0,96398.0,2,0,138.51649475097656
70.0,1,1,1.0,27079.0,3,2,183.4351806640625
89.0,1,7,2.0,82922.0,2,1,133.42518615722656
22.0,1,4,1.0,58829.0,2,0,123.97647094726562
79.0,1,8,1.0,93758.0,2,2,139.733642578125
31.0,2,4,2.0,54442.0,2,1,143.4679412841797
45.0,2,6,2.0,84788.0,2,2,140.5135498046875
26.0,2,6,2.0,82242.0,1,0,118.12088012695312
19.0,1,1,2.0,27383.0,1,0,127.49424743652344
33.0,1,8,1.0,96213.0,1,0,129.5869140625
18.0,2,5,2.0,71691.0,3,2,168.10092163085938
83.0,1,5,2.0,64257.0,1,2,126.41817474365234
58.0,1,11,1.0,132419.0,1,0,128.5382537841797
20.0,1,1,1.0,30220.0,1,1,111.48150634765624
24.0,1,3,1.0,49418.0,1,2,114.70431518554688
78.0,1,8,2.0,100909.0,1,0,129.40293884277344
23.0,2,1,1.0,21995.0,1,0,123.10718536376952
82.0,2,2,2.0,32598.0,1,0,120.97637176513672
19.0,1,3,1.0,49877.0,3,2,143.41683959960938
60.0,2,9,1.0,114014.0,1,0,114.21245574951172
79.0,2,3,1.0,48182.0,1,1,113.67540740966795
69.0,2,9,1.0,101746.0,3,2,157.6124267578125
37.0,2,9,2.0,109117.0,3,2,158.42245483398438
84.0,1,5,1.0,70229.0,2,2,133.11805725097656
47.0,1,5,1.0,74790.0,2,1,144.30972290039062
38.0,1,9,2.0,112971.0,2,0,129.17713928222656
40.0,1,10,1.0,111979.0,3,2,163.3883819580078
60.0,1,7,2.0,94285.0,2,0,143.58010864257812
22.0,1,8,2.0,92884.0,3,2,160.77479553222656
59.0,1,8,2.0,93720.0,2,0,133.04840087890625
41.0,2,10,2.0,122759.0,1,0,122.42623138427734
78.0,2,9,2.0,110714.0,1,0,127.01104736328124
57.0,1,10,1.0,110307.0,2,1,131.35154724121094
51.0,2,6,2.0,84887.0,1,1,132.71044921875
89.0,1,2,2.0,34264.0,2,0,151.83554077148438
23.0,1,9,1.0,113009.0,2,1,119.38377380371094
40.0,1,12,1.0,137429.0,2,2,144.1301727294922
93.0,2,11,1.0,122264.0,3,1,158.38754272460938
39.0,2,10,2.0,120767.0,2,2,139.3019561767578
43.0,2,7,1.0,93435.0,1,1,117.92459106445312
62.0,2,11,2.0,127247.0,1,1,125.33412170410156
83.0,2,12,2.0,138913.0,1,0,114.47144317626952
68.0,2,9,2.0,110598.0,3,0,154.06422424316406
69.0,2,9,1.0,102909.0,2,0,152.24612426757812
28.0,2,5,1.0,68159.0,1,2,133.28518676757812
92.0,2,6,2.0,76721.0,3,1,180.1578369140625
34.0,1,11,2.0,126836.0,3,0,164.66934204101562
86.0,2,8,2.0,96608.0,3,2,135.97152709960938
17.0,1,2,2.0,43260.0,2,0,137.27285766601562
26.0,2,8,2.0,101697.0,1,0,99.12004089355467
48.0,1,4,1.0,68548.0,3,1,157.32723999023438
47.0,2,6,1.0,80002.0,1,0,132.2414093017578
29.0,2,10,1.0,121246.0,2,2,143.06825256347656
46.0,1,1,1.0,23688.0,3,1,171.86715698242188
79.0,1,3,1.0,54479.0,3,0,138.15821838378906
63.0,2,4,2.0,59121.0,2,0,137.2753143310547
48.0,1,8,1.0,91543.0,1,0,102.74146270751952
73.0,2,9,2.0,99331.0,2,0,133.95106506347656
76.0,1,4,1.0,55570.0,2,0,124.25067138671876
60.0,2,6,1.0,76452.0,1,1,120.45558166503906
18.0,1,6,1.0,81840.0,3,0,151.79624938964844
36.0,1,9,1.0,106092.0,3,2,163.9403533935547
21.0,1,5,3.0,82473.0,1,0,729.1774291992188
91.0,1,4,2.0,118507.0,1,0,685.3480224609375
90.0,1,5,2.0,137761.0,1,0,827.0263671875
51.0,1,11,2.0,75639.0,2,1,1362.0867919921875
58.0,1,6,2.0,135109.0,1,0,788.6137084960938
26.0,1,4,0.0,62838.0,1,0,891.5148315429688
12.0,1,4,2.0,55740.0,1,0,917.072509765625
54.0,1,3,3.0,134256.0,1,0,832.3419189453125
81.0,1,5,1.0,140588.0,1,0,798.1502685546875
31.0,1,4,1.0,91329.0,1,0,631.1998291015625
27.0,1,1,2.0,53796.0,2,1,891.269775390625
8.0,1,3,1.0,55908.0,1,0,479.71929931640625
53.0,1,9,4.0,107310.0,1,0,701.323974609375
15.0,1,3,1.0,55009.0,1,0,811.9207153320312
83.0,1,5,3.0,151038.0,1,0,597.2659912109375
83.0,1,3,3.0,137331.0,1,0,869.2235717773438
54.0,1,7,1.0,100031.0,1,0,808.5651245117188
48.0,1,3,3.0,92145.0,1,0,994.5441284179688
83.0,1,7,2.0,112248.0,2,1,817.3855590820312
16.0,1,1,2.0,61720.0,1,0,917.7120361328124
68.0,1,3,1.0,119916.0,1,0,984.9315795898438
32.0,1,6,4.0,96672.0,1,0,489.8318786621094
43.0,1,2,0.0,115354.0,1,0,682.623046875
93.0,1,6,2.0,177471.0,2,1,656.308349609375
43.0,1,4,3.0,97766.0,1,0,827.2742919921875
90.0,1,4,3.0,131077.0,1,0,810.8314208984375
37.0,1,2,0.0,126987.0,2,1,826.3383178710938
13.0,1,6,1.0,98360.0,1,0,480.1047973632813
86.0,1,1,4.0,140106.0,1,0,181.806884765625
83.0,1,5,0.0,143735.0,1,0,984.6741333007812
59.0,1,7,0.0,104901.0,1,0,610.882568359375
90.0,1,5,2.0,137761.0,1,0,827.0263671875
49.0,1,1,5.0,103881.0,1,0,794.367919921875
44.0,1,1,0.0,79321.0,1,0,911.6434326171876
59.0,1,4,2.0,116063.0,1,0,825.566162109375
92.0,1,2,3.0,147737.0,1,0,641.358642578125
47.0,1,6,3.0,103242.0,1,0,891.8131713867188
67.0,1,5,3.0,104440.0,1,0,998.0531005859376
73.0,1,2,2.0,144798.0,1,0,857.0427856445312
77.0,1,2,2.0,124999.0,1,0,969.0157470703124
68.0,1,3,1.0,119916.0,1,0,984.9315795898438
81.0,1,6,1.0,120337.0,1,0,843.80126953125
5.0,1,2,2.0,67115.0,2,1,1123.3251953125
17.0,1,0,1.0,62747.0,1,0,928.5349731445312
65.0,1,8,3.0,120308.0,2,1,1037.6534423828125
89.0,1,5,5.0,120845.0,1,0,697.119873046875
41.0,1,2,3.0,78979.0,1,0,305.6510009765625
30.0,1,7,3.0,105111.0,2,1,763.5451049804688
78.0,1,6,4.0,124992.0,2,1,630.3812255859375
64.0,1,6,2.0,117665.0,1,0,951.5859375
16.0,1,0,2.0,96775.0,1,0,856.1301879882812
8.0,1,7,2.0,30510.0,1,0,708.1793212890625
68.0,1,4,2.0,126443.0,1,0,937.98291015625
92.0,1,6,1.0,143078.0,1,0,786.9070434570312
73.0,1,3,5.0,146067.0,1,0,679.875
58.0,1,2,1.0,135997.0,1,0,883.30224609375
84.0,1,3,2.0,132362.0,1,0,756.606201171875
57.0,1,2,1.0,130148.0,1,0,583.1376953125
19.0,1,9,2.0,59632.0,1,0,871.8659057617188
29.0,1,5,2.0,81732.0,2,1,745.677978515625
91.0,1,4,3.0,151737.0,2,1,804.5115966796875
91.0,1,3,1.0,170773.0,1,0,868.923828125
26.0,1,4,0.0,62838.0,1,0,891.5148315429688
28.0,1,6,2.0,69483.0,1,0,920.8359985351562
35.0,1,5,2.0,89651.0,1,0,410.138671875
34.0,1,9,2.0,85422.0,1,0,523.859375
87.0,1,4,3.0,110660.0,1,0,866.3239135742188
28.0,1,5,3.0,85072.0,1,0,878.091796875
81.0,1,3,2.0,135261.0,1,0,902.8893432617188
70.0,1,2,2.0,126965.0,1,0,591.1886596679688
39.0,1,2,2.0,91215.0,1,0,982.6903076171876
66.0,1,3,3.0,121759.0,2,1,897.0733032226562
76.0,1,2,3.0,139896.0,1,0,906.741455078125
4.0,1,4,4.0,15063.0,2,0,3131.497802734375
4.0,1,3,1.0,7755.0,1,1,5566.9619140625
2.0,1,5,0.0,31859.0,1,1,3134.205078125
1.0,2,4,5.0,23362.0,1,1,3466.478515625
5.0,1,1,3.0,27820.0,1,1,4710.49267578125
3.0,2,0,1.0,7824.0,1,1,5261.9521484375
2.0,2,3,4.0,-2102.0,1,2,4724.0908203125
1.0,1,5,1.0,24177.0,1,2,6824.29833984375
2.0,2,4,1.0,10075.0,1,2,6445.34765625
1.0,1,4,2.0,-5323.0,2,1,3958.74365234375
5.0,1,8,3.0,26333.0,1,1,3294.77197265625
3.0,2,5,3.0,12632.0,1,1,3396.405517578125
2.0,2,2,2.0,14527.0,1,2,6875.12109375
1.0,2,6,4.0,16821.0,1,1,6070.080078125
2.0,2,5,1.0,29199.0,1,1,6126.54248046875
5.0,2,5,1.0,11404.0,2,1,3809.007080078125
1.0,1,4,1.0,31586.0,2,2,222.79669189453125
5.0,1,3,1.0,16531.0,1,2,5162.49609375
1.0,2,0,2.0,42652.0,1,0,5598.89013671875
0.0,2,4,0.0,-2035.0,1,1,4184.94775390625
3.0,2,5,1.0,-1035.0,1,1,6667.3671875
5.0,2,6,2.0,27632.0,1,2,5755.96533203125
1.0,1,1,4.0,10401.0,1,1,5548.53857421875
2.0,2,10,4.0,-8842.0,1,0,5958.5732421875
1.0,1,6,4.0,7535.0,2,2,2571.494140625
2.0,2,6,1.0,32050.0,1,2,5147.60546875
3.0,2,10,3.0,17204.0,2,0,85.317138671875
2.0,2,2,5.0,18172.0,1,2,9778.125
2.0,2,7,3.0,44337.0,1,1,5405.7392578125
2.0,2,4,4.0,-9000.0,1,1,3472.390625
4.0,2,4,5.0,33989.0,1,1,3350.84716796875
5.0,2,5,1.0,16806.0,1,0,6394.46923828125
1.0,1,4,0.0,27239.0,2,1,16.0
5.0,2,4,2.0,29549.0,1,1,6545.35400390625
3.0,2,5,1.0,38990.0,2,2,1633.68115234375
4.0,1,3,3.0,11991.0,1,1,3512.60009765625
3.0,2,1,3.0,5981.0,1,2,3426.59521484375
5.0,1,4,1.0,41336.0,1,1,6302.7978515625
3.0,2,3,1.0,10296.0,1,1,7400.3828125
5.0,2,1,2.0,20136.0,1,0,5095.2109375
4.0,2,1,2.0,14472.0,1,1,407.36865234375
5.0,1,3,3.0,8771.0,1,1,7247.8349609375
2.0,2,1,3.0,10431.0,2,1,16.0
0.0,1,4,2.0,33957.0,2,2,16.0
5.0,2,5,1.0,35381.0,1,1,7137.1064453125
3.0,2,3,2.0,24450.0,1,2,4069.619140625
5.0,1,1,3.0,27820.0,1,1,4710.49267578125
1.0,2,10,2.0,39764.0,1,2,4115.4375
4.0,1,3,2.0,20384.0,1,1,6146.2294921875
4.0,2,6,2.0,24200.0,2,1,3879.087158203125
4.0,2,1,1.0,-6547.0,1,0,8538.83203125
2.0,1,9,2.0,23795.0,1,0,928.617919921875
5.0,2,0,2.0,20995.0,2,1,2284.615478515625
5.0,2,1,1.0,-1841.0,1,1,4753.69970703125
5.0,2,4,0.0,24250.0,1,2,4650.3876953125
5.0,1,1,4.0,42645.0,2,2,16.0
2.0,2,1,1.0,25837.0,1,1,3551.8369140625
0.0,1,7,3.0,19695.0,1,2,2222.529541015625
5.0,1,4,2.0,20335.0,1,0,2469.083251953125
4.0,2,3,0.0,906.0,1,2,5083.42138671875
5.0,2,4,5.0,1817.0,1,1,4015.464111328125
1.0,1,2,3.0,23451.0,1,0,5647.89306640625
2.0,2,3,4.0,-2102.0,1,2,4724.0908203125
5.0,2,5,0.0,-3243.0,2,2,2125.0400390625
5.0,2,3,3.0,31807.0,1,1,1932.57958984375
4.0,2,4,4.0,23218.0,2,2,849.7600708007812
2.0,1,0,2.0,27247.0,1,2,3011.5302734375
1.0,1,1,3.0,2010.0,1,0,9159.5576171875
2.0,2,5,4.0,24338.0,1,1,4735.0166015625
1.0,2,4,5.0,46329.0,1,1,6150.70849609375
5.0,1,4,4.0,-8983.0,1,2,2343.118408203125
5.0,2,3,3.0,15333.0,1,1,5478.27001953125
4.0,1,5,0.0,20785.0,1,1,4725.14453125
2.0,2,2,4.0,20436.0,1,2,462.01123046875
2.0,2,5,2.0,31054.0,1,2,2791.4111328125
5.0,2,5,0.0,-3243.0,2,2,2125.0400390625
1.0,1,2,3.0,23510.0,1,0,5241.29541015625
0.0,1,4,4.0,-4362.0,1,1,5956.11865234375
3.0,1,1,3.0,45347.0,1,2,3847.9111328125
57.0,1,7,4.0,49451.0,2,0,1556.16064453125
40.0,1,9,2.0,61519.0,2,2,1201.7720947265625
63.0,1,1,1.0,25692.0,2,1,1338.2154541015625
55.0,2,5,1.0,49423.0,1,1,1287.3271484375
63.0,2,9,3.0,59419.0,1,1,1093.791015625
94.0,1,3,5.0,50793.0,1,2,895.3803100585938
53.0,1,0,0.0,27832.0,1,0,956.9296264648438
64.0,1,1,2.0,24772.0,2,0,2001.8426513671875
6.0,1,0,1.0,23945.0,1,1,1047.1846923828125
54.0,1,3,3.0,37087.0,1,1,946.8131713867188
13.0,2,2,0.0,23213.0,1,1,1198.079345703125
12.0,2,2,0.0,29931.0,1,0,1064.04150390625
66.0,2,2,1.0,24697.0,1,1,745.9745483398438
66.0,1,3,4.0,37492.0,1,1,1241.7767333984375
89.0,1,1,4.0,38871.0,2,2,1677.7220458984375
14.0,2,3,5.0,32731.0,1,1,1117.348388671875
34.0,1,2,1.0,22599.0,2,1,1126.917724609375
82.0,1,6,1.0,50422.0,1,1,961.1572265625
93.0,1,1,0.0,35258.0,1,2,680.2033081054688
74.0,1,6,0.0,57424.0,1,1,1132.324462890625
12.0,2,0,2.0,19171.0,2,0,828.3380737304688
55.0,1,0,4.0,19449.0,1,1,1056.1746826171875
81.0,1,7,3.0,64006.0,1,0,923.3685913085938
37.0,2,2,2.0,29459.0,1,0,623.7283325195312
35.0,1,9,5.0,58427.0,1,1,892.451904296875
58.0,2,6,2.0,53116.0,2,1,1899.559326171875
33.0,2,2,0.0,21027.0,1,0,787.85693359375
13.0,2,4,0.0,23275.0,1,1,1249.2568359375
66.0,1,9,1.0,67538.0,2,2,1686.9696044921875
60.0,1,0,2.0,17710.0,2,1,1278.1531982421875
83.0,2,0,4.0,18526.0,2,1,1835.21240234375
36.0,2,7,0.0,53680.0,1,1,963.30322265625
62.0,2,0,0.0,25561.0,2,1,1595.5491943359375
64.0,2,3,4.0,31943.0,1,1,1126.2666015625
94.0,1,1,4.0,37241.0,1,1,1249.556396484375
24.0,2,8,2.0,49237.0,2,0,1599.0010986328125
11.0,1,1,5.0,11356.0,1,0,847.7691650390625
41.0,2,7,1.0,46615.0,1,2,903.9237670898438
61.0,1,4,5.0,38891.0,2,1,1577.3634033203125
85.0,1,3,2.0,43747.0,2,2,1799.897705078125
28.0,2,2,0.0,36315.0,2,0,1498.2615966796875
81.0,2,4,1.0,55246.0,2,1,1545.4786376953125
87.0,1,3,5.0,44382.0,2,0,1623.5706787109375
71.0,2,9,2.0,68659.0,1,1,1025.0345458984375
53.0,1,2,1.0,36801.0,1,2,832.6460571289062
25.0,1,1,0.0,19767.0,1,2,982.5121459960938
52.0,1,8,5.0,57324.0,2,1,1099.0084228515625
33.0,2,2,0.0,21027.0,1,0,787.85693359375
48.0,1,3,3.0,36315.0,1,0,783.5508422851562
47.0,1,9,2.0,62536.0,1,1,916.4447021484376
79.0,2,4,4.0,42729.0,2,1,1267.6346435546875
95.0,1,3,5.0,43482.0,2,1,1567.2308349609375
1.0,1,0,0.0,11795.0,1,0,595.1712646484375
8.0,2,0,5.0,11725.0,2,0,1433.2825927734375
17.0,1,0,1.0,7990.0,1,2,887.8077392578125
49.0,1,4,4.0,35483.0,2,0,1056.62744140625
24.0,1,7,1.0,50047.0,2,0,1446.5289306640625
92.0,2,7,4.0,69625.0,2,0,1545.841552734375
45.0,2,5,4.0,52103.0,2,2,1929.6220703125
81.0,1,5,3.0,44078.0,2,2,1575.7835693359375
74.0,1,6,0.0,57424.0,1,1,1132.324462890625
37.0,1,2,4.0,40073.0,2,1,1059.82177734375
11.0,1,0,0.0,14082.0,1,2,795.809326171875
9.0,1,0,2.0,9359.0,1,2,971.6351318359376
80.0,2,1,1.0,41296.0,1,1,956.4327392578124
8.0,2,1,1.0,22337.0,1,2,1193.9744873046875
94.0,2,6,2.0,57962.0,2,1,1209.540283203125
67.0,1,0,4.0,28687.0,1,1,1283.3619384765625
34.0,2,5,3.0,38718.0,2,1,1766.89990234375
60.0,2,8,0.0,59086.0,1,2,869.9956665039062
27.0,1,9,4.0,59225.0,2,1,1457.084716796875
63.0,1,1,4.0,19644.0,1,0,491.959716796875
63.0,2,0,4.0,20613.0,2,2,1762.4296875
89.0,2,4,4.0,52121.0,1,2,612.0137329101562
87.0,1,7,0.0,68384.0,2,0,1478.2318115234375
23.0,2,0,0.0,13248.0,2,2,1997.2769775390625
22.0,1,6,3.0,42277.0,2,1,1608.451904296875
13.0,2,4,3.0,31447.0,0,0,393.518310546875
88.0,2,9,1.0,70521.0,2,1,2221.062744140625
5.0,2,0,2.0,8459.0,1,2,744.341064453125
59.0,2,3,5.0,34348.0,2,1,1181.312255859375
51.0,2,7,3.0,51756.0,1,1,1012.3906860351562
67.0,1,9,5.0,64685.0,2,0,1534.0850830078125
56.0,1,4,5.0,44262.0,1,1,951.5679321289062
52.0,1,1,5.0,30559.0,2,1,1602.7904052734375
1.0,2,4,,23087.0,3,0,237.7622985839844
1.0,2,4,,11692.0,3,0,234.2782745361328
5.0,2,1,,10815.0,1,1,147.4568328857422
3.0,1,1,,14849.0,1,1,160.9510498046875
3.0,2,6,,28936.0,3,1,264.0539245605469
5.0,2,3,,18680.0,1,1,132.07196044921875
3.0,2,2,,13377.0,3,1,277.3709716796875
0.0,1,6,,19751.0,3,0,295.2620849609375
6.0,1,3,,23385.0,1,0,174.739990234375
8.0,2,4,,16513.0,3,0,244.5652313232422
0.0,2,5,,20257.0,1,0,142.0028839111328
2.0,2,4,,18284.0,1,1,142.50502014160156
2.0,1,6,,26472.0,3,0,238.3412322998047
9.0,1,5,,27967.0,1,0,138.94529724121094
5.0,1,3,,22911.0,3,1,239.59632873535156
2.0,1,4,,17569.0,3,0,289.0714416503906
5.0,1,4,,14839.0,1,1,187.01730346679688
0.0,1,1,,10846.0,1,0,146.6918487548828
8.0,1,4,,25317.0,3,0,242.26058959960935
1.0,1,3,,23756.0,3,0,241.3541259765625
0.0,2,4,,20925.0,1,1,163.6839141845703
3.0,1,4,,19851.0,1,1,159.0164337158203
4.0,1,4,,24282.0,1,1,102.77732849121094
0.0,1,6,,22397.0,3,0,253.8722381591797
3.0,1,4,,22381.0,3,1,247.28724670410156
7.0,2,3,,16152.0,3,0,244.1363983154297
9.0,1,5,,20299.0,1,1,140.7335968017578
3.0,2,2,,17156.0,1,0,145.67449951171875
5.0,2,1,,10815.0,1,1,147.4568328857422
3.0,2,3,,12542.0,1,0,158.1934356689453
8.0,1,6,,21518.0,3,0,241.2795867919922
2.0,2,4,,22074.0,3,0,229.2731475830078
4.0,2,4,,20188.0,3,0,268.3208312988281
7.0,1,3,,28104.0,3,1,244.41860961914065
6.0,2,3,,17874.0,3,1,261.4048767089844
0.0,2,3,,19569.0,3,1,261.4329833984375
4.0,2,3,,17192.0,1,1,165.63327026367188
8.0,1,4,,25317.0,3,0,242.26058959960935
5.0,2,3,,22272.0,3,0,227.83816528320312
7.0,1,4,,17609.0,3,0,243.96926879882812
5.0,2,1,,10815.0,1,1,147.4568328857422
3.0,1,5,,17564.0,1,1,134.9113311767578
4.0,1,1,,2448.0,3,1,252.19041442871097
3.0,1,3,,11837.0,3,0,235.8155975341797
2.0,1,3,,14053.0,1,1,131.8745880126953
5.0,2,5,,24791.0,1,0,169.17233276367188
3.0,2,4,,23556.0,1,0,180.92333984375
1.0,2,3,,19726.0,3,0,234.29335021972656
4.0,2,6,,19626.0,3,0,269.3487243652344
3.0,2,2,,21517.0,3,0,274.9581298828125
1.0,1,3,,21712.0,3,0,273.20965576171875
4.0,2,2,,16393.0,1,1,192.61441040039065
3.0,1,1,,7846.0,1,1,186.1761474609375
3.0,2,6,,25776.0,3,1,205.5956573486328
2.0,1,5,,22756.0,3,0,233.98402404785156
4.0,2,2,,19496.0,1,0,137.3647003173828
7.0,2,3,,12982.0,3,0,245.11477661132812
3.0,2,2,,13377.0,3,1,277.3709716796875
2.0,2,4,,22074.0,3,0,229.2731475830078
2.0,1,3,,20721.0,1,1,137.24246215820312
4.0,1,3,,17992.0,3,0,266.8766174316406
3.0,1,3,,24650.0,3,1,264.442138671875
3.0,1,3,,14103.0,1,0,157.36187744140625
0.0,2,3,,15337.0,3,1,254.30238342285156
7.0,2,3,,16609.0,1,0,143.7484893798828
4.0,1,3,,20505.0,1,1,190.253662109375
5.0,1,3,,23560.0,3,1,192.3137664794922
1.0,2,3,,12271.0,3,0,260.6421203613281
5.0,1,2,,12419.0,3,1,273.9337463378906
7.0,2,3,,20056.0,3,1,246.85206604003903
3.0,1,6,,23703.0,1,1,171.41946411132812
6.0,1,4,,7643.0,3,0,233.05084228515625
3.0,2,1,,21782.0,1,1,152.37545776367188
3.0,2,2,,21517.0,3,0,274.9581298828125
3.0,1,6,,23703.0,1,1,171.41946411132812
6.0,2,6,,21754.0,1,0,158.83920288085938
5.0,1,3,,18552.0,3,0,243.26303100585935
3.0,2,6,,21848.0,3,1,276.9811096191406
0.0,2,6,,19036.0,1,0,144.9182586669922
9.0,1,6,,27365.0,1,1,169.24221801757812
8.0,2,4,,22497.0,1,1,159.95849609375
9.0,1,6,,34004.0,1,1,143.14212036132812
1.0,2,3,,19121.0,1,1,167.34310913085938
4.0,1,1,,10666.0,1,1,175.27197265625
3.0,2,5,,33301.0,1,1,156.653564453125
7.0,2,3,,25779.0,3,0,258.633544921875
2.0,2,4,,25299.0,3,1,275.4639892578125
3.0,1,3,,20105.0,1,1,131.3068389892578
1.0,1,3,,47393.0,1,1,545.9260864257812
3.0,2,2,,53057.0,2,2,655.8743896484375
1.0,1,2,,31810.0,1,2,377.8974914550781
2.0,2,2,,45180.0,2,2,541.9302978515625
4.0,2,2,,51267.0,1,2,603.0861206054688
2.0,1,3,,68146.0,2,2,775.8954467773438
4.0,2,1,,41478.0,1,1,509.38079833984375
0.0,1,3,,59682.0,1,1,694.3766479492188
1.0,2,1,,47494.0,1,1,571.0753173828125
4.0,1,1,,32434.0,2,1,439.57122802734375
3.0,1,1,,48904.0,2,1,594.34375
1.0,2,1,,39728.0,2,2,455.3074645996094
0.0,1,3,,73038.0,2,1,799.62451171875
4.0,2,1,,36774.0,1,2,468.29736328125
0.0,2,3,,58926.0,2,2,664.0023803710938
4.0,1,4,,70878.0,2,2,813.7958374023438
1.0,1,1,,37263.0,1,1,479.3955078125
4.0,2,4,,92860.0,1,1,1032.804443359375
0.0,1,3,,59682.0,1,1,694.3766479492188
1.0,1,1,,26777.0,2,1,399.1616516113281
1.0,2,4,,89061.0,1,2,967.4522705078124
2.0,1,1,,39120.0,1,1,452.8807678222656
4.0,1,3,,55516.0,2,1,668.9462890625
3.0,2,4,,75582.0,2,2,843.0616455078125
3.0,1,1,,28693.0,1,1,362.1227722167969
2.0,2,2,,56638.0,2,2,640.6251831054688
3.0,2,3,,66185.0,2,2,797.6884155273438
3.0,1,1,,36704.0,2,1,477.6524353027344
3.0,1,1,,31882.0,2,2,416.78912353515625
2.0,1,1,,44975.0,1,2,553.2334594726562
2.0,2,4,,64718.0,1,1,775.5551147460938
2.0,1,4,,99002.0,1,1,1101.8048095703125
3.0,2,3,,43954.0,2,2,524.9453125
2.0,2,2,,49323.0,1,1,614.1254272460938
4.0,1,2,,44029.0,1,2,511.125732421875
2.0,1,4,,76455.0,2,2,853.6553955078125
2.0,1,2,,37376.0,2,2,459.8787536621094
0.0,2,3,,61455.0,1,1,714.2564086914062
2.0,2,3,,65931.0,2,2,759.044189453125
3.0,2,4,,88316.0,1,2,996.3009643554688
4.0,2,1,,24968.0,2,1,324.1395263671875
1.0,2,3,,72225.0,2,2,791.1268920898438
2.0,1,2,,65994.0,1,2,791.4113159179688
1.0,2,2,,54903.0,1,1,651.0697631835938
4.0,1,4,,83601.0,2,2,931.2200317382812
1.0,1,2,,46046.0,1,1,544.9649047851562
2.0,1,3,,65910.0,2,1,753.2451782226562
4.0,1,3,,78366.0,1,2,898.6652221679688
1.0,1,1,,15859.0,2,1,298.68115234375
1.0,1,3,,61691.0,2,2,738.38720703125
1.0,2,4,,92479.0,1,2,981.451904296875
3.0,1,1,,25395.0,1,2,355.118408203125
4.0,1,2,,65900.0,1,2,750.9923095703125
4.0,1,1,,36188.0,1,2,468.7589416503906
2.0,2,1,,34060.0,1,1,419.9015197753906
3.0,1,3,,67300.0,2,2,786.6304321289062
2.0,1,1,,36277.0,1,2,450.5294799804687
2.0,1,2,,65994.0,1,2,791.4113159179688
3.0,1,1,,38776.0,2,1,524.65966796875
4.0,2,1,,32914.0,2,1,445.8626098632813
2.0,1,3,,84212.0,2,1,975.7804565429688
4.0,2,1,,51968.0,1,1,632.5457153320312
4.0,1,4,,63433.0,1,2,765.1405029296875
2.0,2,3,,68781.0,1,1,797.83203125
1.0,2,4,,49753.0,2,1,623.3533935546875
2.0,2,2,,38718.0,1,2,506.3138427734375
1.0,2,4,,78530.0,2,1,879.0756225585938
2.0,1,2,,39276.0,2,1,501.84326171875
1.0,1,1,,26777.0,2,1,399.1616516113281
1.0,2,1,,39728.0,2,2,455.3074645996094
2.0,2,1,,42625.0,1,2,531.2761840820312
2.0,1,2,,48523.0,2,2,583.8668212890625
1.0,1,3,,55826.0,2,2,639.5839233398438
1.0,1,4,,76807.0,1,1,825.2476806640625
2.0,2,1,,32018.0,2,2,408.504150390625
3.0,2,2,,71434.0,1,2,777.5088500976562
3.0,1,2,,53641.0,2,1,621.251708984375
4.0,2,4,,89763.0,2,1,987.039794921875
3.0,1,3,,50426.0,1,2,614.4374389648438
3.0,1,1,,49001.0,1,2,592.246826171875
4.0,1,4,,84451.0,1,2,930.0736083984376
3.0,2,4,,77777.0,2,1,890.8491821289062
3.0,1,3,,48721.0,1,1,589.0855102539062
0.0,1,3,,86507.0,1,1,942.4781494140624
3.0,2,2,,48588.0,2,2,584.33935546875
0.0,2,2,,50298.0,2,2,650.086669921875
0.0,1,4,,82870.0,1,1,925.0960083007812
2.0,1,1,,36277.0,1,2,450.5294799804687
3.0,1,1,,56571.0,1,2,646.5128173828125
3.0,2,1,,46006.0,2,1,560.248779296875
1.0,1,2,,31021.0,2,2,413.1026611328125
16.0,1,2,2.0,74196.953125,2,1,1230.6357421875
17.0,2,4,2.0,92623.234375,1,1,906.8346557617188
17.0,2,2,2.0,76935.3125,1,1,1028.627685546875
16.0,1,1,2.0,66438.421875,2,1,1054.45703125
17.0,1,4,2.0,91959.65625,2,1,919.205322265625
17.0,1,3,2.0,89898.1953125,2,1,917.406982421875
17.0,1,3,2.0,82218.2578125,1,1,1108.1939697265625
17.0,2,1,2.0,67672.265625,1,1,849.904296875
17.0,2,3,2.0,89460.6171875,2,1,993.70703125
16.0,2,3,2.0,80457.25,2,1,1001.2047119140624
16.0,1,3,2.0,76685.5546875,1,1,1227.0428466796875
17.0,1,2,2.0,75045.84375,2,1,1299.881591796875
16.0,2,3,2.0,78863.1015625,2,1,829.875
16.0,1,3,2.0,83476.421875,2,1,1063.12255859375
17.0,1,1,2.0,66456.1171875,2,1,1490.93701171875
16.0,2,3,2.0,78863.1015625,2,1,829.875
16.0,2,4,2.0,96069.640625,2,1,1174.4888916015625
16.0,2,2,2.0,64625.8828125,2,1,1044.737548828125
16.0,1,3,2.0,81409.0546875,2,1,1419.2720947265625
16.0,1,4,2.0,93264.65625,2,1,1142.05224609375
16.0,1,3,2.0,84252.828125,2,1,1406.128173828125
16.0,2,4,2.0,87314.3125,2,1,1644.12939453125
16.0,1,2,2.0,76210.5625,2,1,767.7005615234375
17.0,2,2,2.0,70190.5625,1,1,1224.8145751953125
17.0,1,4,2.0,99410.0,2,1,1457.826416015625
17.0,1,2,2.0,70485.6484375,1,1,976.85009765625
16.0,1,4,2.0,88709.9921875,2,1,1187.5084228515625
16.0,2,3,2.0,81440.703125,2,1,1603.84716796875
17.0,1,4,2.0,100264.3828125,1,1,1190.4429931640625
16.0,1,1,2.0,59789.015625,2,1,994.2283935546876
16.0,2,1,2.0,59574.18359375,1,1,1115.8001708984375
16.0,2,4,2.0,88522.9765625,1,1,835.0498046875
16.0,2,5,2.0,99090.15625,2,1,1548.40625
17.0,2,4,2.0,92159.2109375,2,1,1098.1055908203125
16.0,1,1,2.0,66438.421875,2,1,1054.45703125
16.0,2,5,2.0,102549.03125,2,1,1238.873291015625
16.0,1,5,2.0,105620.796875,2,1,1470.620361328125
17.0,2,3,2.0,85870.359375,1,1,1117.5426025390625
17.0,1,2,2.0,70774.859375,1,1,959.83837890625
16.0,2,1,2.0,59574.18359375,1,1,1115.8001708984375
16.0,1,3,2.0,84252.828125,2,1,1406.128173828125
17.0,2,5,2.0,114000.0859375,1,1,1146.617431640625
17.0,1,3,2.0,78497.5859375,2,1,1548.281005859375
16.0,2,3,2.0,84903.2734375,2,1,840.195068359375
16.0,2,3,2.0,82232.3671875,2,1,1272.9892578125
16.0,1,4,2.0,90489.0859375,1,1,1005.3535766601562
16.0,1,4,2.0,96069.6328125,2,1,1246.551513671875
16.0,1,2,2.0,69827.0234375,2,1,1017.669921875
17.0,1,1,2.0,62213.44921875,1,1,846.6617431640625
16.0,1,3,2.0,82950.96875,1,1,1301.9981689453125
16.0,1,5,2.0,93402.5703125,1,1,1011.7186889648438
16.0,2,3,2.0,78239.9609375,1,1,961.4779663085938
16.0,1,2,2.0,70055.6484375,2,1,1186.8331298828125
16.0,2,4,2.0,86965.671875,1,1,1124.3602294921875
16.0,2,3,2.0,85931.2890625,1,1,1142.5472412109375
17.0,1,4,2.0,94731.0078125,1,1,1024.310302734375
16.0,1,3,2.0,91607.203125,2,1,1201.2890625
16.0,1,3,2.0,85462.109375,2,1,1031.6619873046875
17.0,2,2,2.0,71478.84375,2,1,1345.876708984375
17.0,2,3,2.0,86270.390625,2,1,1060.369140625
16.0,1,5,2.0,108464.8125,2,1,1317.69140625
16.0,2,2,2.0,73789.890625,1,1,602.8779296875
16.0,1,4,2.0,93264.65625,2,1,1142.05224609375
16.0,2,5,2.0,105672.7421875,2,1,1318.4969482421875
17.0,2,3,2.0,87040.390625,2,1,1182.2174072265625
16.0,1,3,2.0,82351.6015625,2,1,1532.7401123046875
16.0,1,4,2.0,85622.7578125,1,1,1323.4915771484375
17.0,2,4,2.0,93014.4609375,1,1,1259.238525390625
16.0,2,3,2.0,84903.2734375,2,1,840.195068359375
16.0,2,4,2.0,86299.9140625,2,1,1107.4688720703125
17.0,1,2,2.0,77473.40625,2,1,1322.6348876953125
94.0,1,3,2.0,29998.0,1,2,954.0
37.0,1,3,1.0,28883.0,3,1,3054.0
83.0,2,3,2.0,25399.0,3,2,2943.0
32.0,2,2,4.0,28305.0,1,2,985.0
43.0,2,1,3.0,28377.0,3,1,3193.0
65.0,1,2,2.0,25687.0,1,2,827.0
46.0,2,2,3.0,32874.0,3,2,3158.0
68.0,1,2,3.0,25268.0,3,2,3049.0
52.0,1,2,1.0,27424.0,1,2,1019.0
68.0,1,4,2.0,25465.0,3,2,3088.0
18.0,2,4,4.0,25368.0,1,0,939.0
85.0,2,4,2.0,25613.0,3,2,2933.0
94.0,1,4,1.0,27391.0,3,1,2944.0
38.0,2,2,3.0,27848.0,1,0,894.0
19.0,1,1,4.0,26363.0,3,1,3072.0
41.0,2,3,2.0,26873.0,1,2,935.0
42.0,2,2,1.0,28334.0,1,2,1151.0
44.0,1,1,2.0,26773.0,3,2,2933.0
93.0,1,2,3.0,28045.0,3,2,3057.0
44.0,1,3,2.0,26481.0,1,0,853.0
37.0,1,1,1.0,27077.0,1,0,1009.0
49.0,1,4,3.0,25928.0,3,2,2958.0
70.0,2,2,1.0,25510.0,3,1,3195.0
56.0,1,3,2.0,37095.0,1,2,1021.0
74.0,1,1,2.0,25620.0,3,2,2940.0
63.0,2,3,2.0,28442.0,3,1,3052.0
79.0,1,4,1.0,29801.0,1,2,1070.0
35.0,1,3,4.0,30663.0,3,1,3057.0
59.0,2,3,2.0,25616.0,3,1,3210.0
79.0,2,3,1.0,29850.0,3,1,2811.0
82.0,1,3,1.0,27655.0,3,2,3023.0
51.0,1,2,2.0,28531.0,3,2,3011.0
35.0,2,4,3.0,27229.0,1,2,1052.0
44.0,2,3,2.0,26776.0,3,2,2896.0
39.0,2,3,2.0,31173.0,3,1,3285.0
20.0,2,4,4.0,25125.0,3,1,3066.0
91.0,2,3,4.0,32562.0,1,0,916.0
84.0,1,2,2.0,29607.0,1,0,955.0
89.0,2,4,2.0,25660.0,3,2,2995.0
39.0,1,3,1.0,26774.0,1,2,1269.0
42.0,1,3,3.0,25284.0,1,2,1028.0
51.0,1,3,2.0,26263.0,1,2,1112.0
60.0,2,3,3.0,25386.0,1,2,985.0
93.0,2,4,3.0,25122.0,1,0,978.0
39.0,1,2,4.0,32027.0,3,2,2923.0
93.0,1,3,2.0,25283.0,3,1,3052.0
56.0,2,4,1.0,28972.0,1,2,936.0
87.0,2,3,3.0,26482.0,3,2,2862.0
58.0,2,4,2.0,29408.0,3,1,2932.0
44.0,2,4,1.0,29684.0,3,2,2960.0
85.0,1,2,2.0,25910.0,1,0,839.0
46.0,2,3,2.0,25006.0,3,1,3067.0
89.0,2,3,2.0,29223.0,3,2,3135.0
63.0,2,4,2.0,25287.0,3,1,2997.0
65.0,1,2,2.0,25687.0,1,2,827.0
70.0,2,2,1.0,25510.0,3,1,3195.0
82.0,2,3,2.0,37641.0,1,0,1102.0
32.0,2,2,2.0,26792.0,1,0,1028.0
85.0,2,4,2.0,25613.0,3,2,2933.0
48.0,1,2,2.0,27078.0,1,2,997.0
41.0,2,2,2.0,25419.0,3,1,2842.0
53.0,2,3,4.0,27059.0,3,1,2941.0
71.0,1,1,2.0,28538.0,1,0,954.0
43.0,2,1,3.0,28377.0,3,1,3193.0
53.0,1,1,3.0,25096.0,1,0,982.0
57.0,2,3,2.0,25184.0,3,1,2902.0
40.0,2,2,1.0,30508.0,1,2,1070.0
84.0,1,2,4.0,26196.0,3,1,3064.0
30.0,2,1,2.0,25004.0,3,1,2772.0
67.0,1,4,2.0,26825.0,1,0,996.0
34.0,2,3,4.0,26366.0,3,1,3102.0
67.0,1,3,2.0,25004.0,1,2,1224.0
73.0,1,4,3.0,26403.0,1,0,976.0
30.0,2,3,3.0,25365.0,3,1,3021.0
78.0,1,1,3.0,26991.0,3,2,2969.0
71.0,1,1,4.0,26541.0,3,2,2923.0
88.0,2,2,4.0,25186.0,1,0,1109.0
48.0,1,4,1.0,27183.0,3,1,3039.0
65.0,1,3,2.0,26515.0,3,1,3050.0
65.0,1,4,1.0,28497.0,1,2,1084.0
71.0,1,4,1.0,29624.0,1,2,950.0
28.0,1,12,6.0,161985.0,1,1,198.9767303466797
33.0,1,12,4.0,130577.0,2,0,238.69992065429688
7.0,2,4,1.0,41120.0,2,1,241.38626098632812
39.0,1,12,4.0,136563.0,2,0,277.6314697265625
48.0,1,12,3.0,140922.0,1,2,188.96762084960935
11.0,1,3,1.0,31965.0,2,2,240.89007568359375
93.0,1,12,5.0,205020.0,1,1,217.2363739013672
54.0,2,12,6.0,166190.0,2,1,293.81787109375
58.0,1,12,5.0,160402.0,2,0,298.6854553222656
10.0,1,5,1.0,47701.0,2,2,239.2450256347656
43.0,1,12,4.0,145847.0,2,2,245.57345581054688
71.0,1,12,3.0,163179.0,1,2,206.87347412109375
31.0,2,12,5.0,142309.0,1,2,204.23887634277344
73.0,2,12,1.0,142088.0,2,2,271.9503173828125
42.0,2,12,1.0,121656.0,2,2,271.9510498046875
64.0,2,12,2.0,147180.0,1,1,184.2292022705078
52.0,1,12,1.0,126382.0,2,2,297.00604248046875
90.0,2,12,2.0,170156.0,2,2,242.7579040527344
29.0,1,12,3.0,112688.0,2,2,257.556640625
10.0,1,2,1.0,27652.0,2,1,238.88719177246097
41.0,1,12,2.0,123467.0,2,2,273.07012939453125
80.0,1,12,2.0,157571.0,2,0,258.2279357910156
91.0,1,12,6.0,215686.0,1,2,251.12742614746097
76.0,1,12,2.0,154881.0,2,1,250.21847534179688
64.0,1,12,5.0,183935.0,1,1,203.88522338867188
27.0,1,12,2.0,96073.0,1,2,185.0497283935547
41.0,2,12,1.0,108957.0,1,2,198.3483734130859
50.0,1,12,5.0,151069.0,2,1,261.4344787597656
14.0,1,4,1.0,47478.0,2,2,271.55029296875
62.0,2,12,5.0,177978.0,1,1,240.2527618408203
5.0,2,6,1.0,45064.0,2,2,244.7771453857422
88.0,1,12,3.0,182515.0,1,1,203.606201171875
32.0,1,12,6.0,153835.0,1,2,191.97666931152344
83.0,2,12,3.0,168011.0,1,1,222.2110290527344
19.0,2,12,2.0,105104.0,2,2,247.9827117919922
70.0,1,12,3.0,153839.0,2,2,276.2392578125
47.0,1,12,2.0,132298.0,2,0,241.5883026123047
40.0,1,12,2.0,125987.0,1,2,208.7003173828125
11.0,1,12,1.0,86691.0,2,2,260.5977478027344
33.0,2,12,2.0,108117.0,1,1,166.66310119628906
34.0,1,12,1.0,109588.0,2,2,257.7098388671875
15.0,2,4,1.0,37723.0,2,1,243.4644012451172
40.0,1,12,5.0,142231.0,1,1,222.3756866455078
41.0,1,12,5.0,145880.0,2,0,225.9055938720703
27.0,2,12,4.0,123610.0,2,0,265.6999206542969
61.0,1,12,2.0,146220.0,2,1,240.6561279296875
32.0,2,12,4.0,128736.0,2,0,277.791015625
52.0,1,12,1.0,126382.0,2,2,297.00604248046875
14.0,2,1,1.0,30112.0,1,1,215.19190979003903
50.0,1,12,5.0,151069.0,2,1,261.4344787597656
27.0,1,12,4.0,117635.0,2,0,249.38668823242188
49.0,2,12,6.0,166374.0,1,1,207.04476928710935
40.0,1,12,3.0,134701.0,2,0,262.0002746582031
5.0,2,2,1.0,29442.0,2,0,273.0716552734375
92.0,2,12,1.0,159079.0,1,2,211.0934295654297
40.0,1,12,1.0,111523.0,2,2,267.5085144042969
82.0,2,12,2.0,160258.0,2,0,286.4186706542969
14.0,1,4,1.0,37864.0,2,0,263.01123046875
8.0,1,3,1.0,31377.0,1,2,188.13967895507812
17.0,1,1,1.0,32685.0,1,1,225.94764709472656
46.0,1,12,6.0,165547.0,2,1,286.0506286621094
7.0,1,6,1.0,47555.0,1,2,216.4929656982422
5.0,2,1,1.0,14464.0,2,2,236.2127990722656
87.0,1,12,5.0,196210.0,1,1,219.92770385742188
76.0,1,12,2.0,151897.0,2,0,261.4241638183594
15.0,2,3,1.0,38428.0,2,0,252.40513610839844
13.0,2,2,1.0,32597.0,2,0,280.3306579589844
46.0,2,12,2.0,130762.0,2,1,260.8946533203125
40.0,1,12,3.0,134701.0,2,0,262.0002746582031
30.0,1,12,4.0,135246.0,1,1,246.25669860839844
49.0,2,12,6.0,166374.0,1,1,207.04476928710935
39.0,2,12,6.0,161727.0,2,1,267.80548095703125
88.0,1,12,6.0,211137.0,2,2,290.0119934082031
11.0,2,3,1.0,32049.0,1,2,187.44406127929688
82.0,2,12,5.0,195142.0,2,0,264.0431823730469
60.0,1,12,5.0,171675.0,2,0,311.34136962890625
85.0,2,12,4.0,182583.0,1,1,215.68357849121097
40.0,1,12,2.0,123609.0,2,1,259.9166564941406
94.0,2,12,5.0,200705.0,1,2,236.92987060546875
6.0,2,2,1.0,29733.0,2,0,247.35804748535156
31.0,2,12,2.0,104479.0,1,2,211.5406036376953
52.0,2,12,2.0,133839.0,2,0,258.4922180175781
56.0,1,12,1.0,125866.0,2,2,219.83572387695312
32.0,1,12,3.0,120630.0,2,1,251.12008666992188
36.0,2,1,4.0,233403.0,2,0,139.043701171875
23.0,1,4,3.0,168122.0,1,0,95.4311981201172
75.0,2,6,3.0,430770.0,1,0,110.85032653808594
72.0,1,3,3.0,401630.0,1,1,91.56080627441406
13.0,2,2,5.0,88570.0,1,1,131.188720703125
45.0,2,6,4.0,274593.0,2,0,84.35202026367188
54.0,2,1,3.0,285024.0,2,2,108.6076889038086
19.0,2,5,3.0,127606.0,1,2,87.95673370361328
46.0,2,3,3.0,276876.0,1,0,85.30311584472656
68.0,2,2,2.0,353680.0,2,0,135.3671417236328
44.0,2,6,4.0,251866.0,1,1,108.41122436523438
27.0,1,5,2.0,176915.0,1,0,91.52394104003906
81.0,1,3,2.0,444014.0,1,0,123.27497863769533
86.0,2,3,3.0,449263.0,2,1,100.34374237060548
32.0,1,4,3.0,178228.0,1,1,104.09898376464844
85.0,1,4,3.0,467481.0,1,2,123.7031478881836
23.0,2,2,4.0,144747.0,2,1,156.12322998046875
44.0,2,1,2.0,269379.0,1,0,119.62442779541016
14.0,2,4,2.0,111528.0,2,1,102.66116333007812
43.0,2,3,1.0,234359.0,1,1,106.26206970214844
22.0,1,5,3.0,143895.0,1,1,116.8367156982422
81.0,1,5,4.0,436785.0,1,1,94.56122589111328
23.0,1,4,3.0,151576.0,1,0,58.7065315246582
91.0,1,5,2.0,510276.0,1,0,104.16937255859376
72.0,1,4,4.0,418580.0,1,0,89.31977844238281
82.0,1,2,3.0,403339.0,1,2,129.40843200683594
82.0,1,2,2.0,429028.0,2,1,115.92700958251952
8.0,1,3,4.0,90696.0,1,0,89.7486801147461
28.0,2,1,4.0,181728.0,1,0,88.53073120117188
26.0,2,4,3.0,146178.0,2,1,150.98878479003906
75.0,2,4,3.0,404480.0,2,1,123.3005142211914
63.0,1,4,3.0,362853.0,1,1,51.16230773925781
72.0,1,3,3.0,401630.0,1,1,91.56080627441406
92.0,1,5,4.0,505768.0,1,1,117.02326965332033
60.0,1,5,2.0,296092.0,2,2,83.17293548583984
93.0,1,5,1.0,514067.0,1,1,108.74105834960938
79.0,1,3,3.0,444988.0,1,0,115.14950561523438
34.0,2,4,5.0,202484.0,2,1,116.10858154296876
77.0,1,1,3.0,406040.0,2,2,78.007080078125
95.0,1,6,2.0,523104.0,1,0,153.79986572265625
36.0,2,5,1.0,203481.0,1,1,88.33760070800781
82.0,2,1,3.0,431971.0,2,2,117.32112121582033
65.0,2,1,1.0,367142.0,1,1,50.67540740966797
63.0,2,1,3.0,349661.0,1,0,97.25110626220705
61.0,1,2,3.0,343707.0,2,0,87.81309509277344
46.0,2,4,4.0,261797.0,1,1,101.67168426513672
94.0,1,2,1.0,504166.0,2,0,127.9041748046875
84.0,2,2,3.0,441173.0,1,0,96.04163360595705
19.0,2,4,3.0,145325.0,1,0,116.05974578857422
31.0,1,5,4.0,184915.0,1,1,131.5315399169922
77.0,1,2,2.0,399324.0,1,1,114.11463928222656
13.0,2,2,5.0,88570.0,1,1,131.188720703125
66.0,1,4,2.0,365624.0,2,1,126.6105728149414
36.0,2,4,3.0,218947.0,2,1,107.81841278076172
93.0,1,3,3.0,511720.0,2,0,102.80598449707033
55.0,1,2,2.0,306178.0,1,0,117.03693389892578
60.0,1,2,2.0,326062.0,1,0,83.46829223632812
31.0,1,1,2.0,178067.0,1,1,66.36735534667969
49.0,2,3,4.0,278678.0,2,1,117.41876983642578
92.0,2,1,3.0,510382.0,2,1,78.75596618652344
16.0,1,4,2.0,131519.0,2,0,135.44692993164062
48.0,2,2,4.0,268438.0,2,1,158.734375
65.0,2,4,2.0,352098.0,1,1,112.910888671875
35.0,1,5,3.0,198069.0,1,2,123.92213439941406
28.0,1,6,3.0,178383.0,2,1,112.82402801513672
78.0,1,3,2.0,417112.0,1,2,124.49790954589844
28.0,2,6,3.0,192515.0,1,0,118.30191040039062
65.0,1,4,2.0,369611.0,1,1,103.07270050048828
45.0,2,2,4.0,255362.0,1,1,90.3830795288086
72.0,2,1,3.0,385702.0,1,0,98.0006332397461
69.0,2,4,3.0,371821.0,2,1,111.8589324951172
62.0,2,5,2.0,354835.0,2,0,119.40856170654295
15.0,2,4,3.0,106153.0,2,1,90.06088256835938
66.0,1,3,2.0,355917.0,1,1,103.12223052978516
61.0,2,5,1.0,333941.0,2,1,114.01001739501952
62.0,2,4,1.0,329843.0,2,1,106.60540771484376
72.0,1,4,4.0,418580.0,1,0,89.31977844238281
23.0,1,4,3.0,155586.0,2,0,151.67884826660156
63.0,1,4,5.0,363190.0,2,1,112.75602722167967
66.0,2,4,4.0,367215.0,2,0,129.23866271972656
55.0,1,5,3.0,310932.0,1,0,117.70106506347656
89.0,2,4,2.0,473124.0,1,1,122.6772003173828
54.0,2,4,2.0,312786.0,2,1,146.17788696289062
38.0,1,1,2.0,231210.0,1,1,93.75869750976562
30.0,2,3,,64598.0,1,1,1651.099365234375
88.0,2,4,,175688.0,1,1,2198.761474609375
34.0,2,5,,62981.0,1,1,1987.354736328125
95.0,2,6,,138866.0,1,1,2552.52392578125
83.0,1,2,,124706.0,1,1,2589.198486328125
37.0,1,5,,40836.0,1,1,1327.0797119140625
57.0,1,5,,118240.0,1,1,2535.7509765625
87.0,1,3,,137404.0,1,1,2009.484375
61.0,2,2,,140955.0,1,1,2490.298095703125
33.0,1,2,,50634.0,1,1,1848.041015625
75.0,2,3,,119747.0,1,1,2110.678466796875
49.0,2,5,,103148.0,1,1,2463.218994140625
59.0,2,3,,80449.0,1,1,2197.443359375
42.0,1,2,,71908.0,1,1,1534.295654296875
61.0,2,4,,110334.0,1,1,1487.0911865234375
49.0,1,5,,93401.0,1,1,1415.52490234375
42.0,2,4,,57107.0,1,1,1240.187255859375
28.0,2,1,,54076.0,1,1,1597.5701904296875
48.0,1,3,,122849.0,1,1,1966.0345458984375
83.0,1,6,,165070.0,1,1,2332.788818359375
86.0,2,3,,96818.0,1,1,2333.449462890625
75.0,2,3,,106036.0,1,1,2137.903564453125
31.0,1,2,,43596.0,1,1,2095.78369140625
31.0,1,3,,65788.0,1,1,1788.344970703125
33.0,1,6,,76712.0,1,1,1796.0810546875
56.0,2,4,,82064.0,1,1,1762.5306396484375
66.0,1,1,,105039.0,1,1,2251.842041015625
77.0,2,6,,129037.0,1,1,1460.1884765625
30.0,2,3,,46172.0,1,1,1874.8935546875
67.0,2,3,,57349.0,1,1,1886.922607421875
78.0,1,4,,116406.0,1,1,2204.255615234375
55.0,2,2,,76233.0,1,1,1072.15673828125
77.0,2,4,,130724.0,1,1,3017.871826171875
62.0,1,2,,62463.0,1,1,2287.346923828125
37.0,2,4,,94886.0,1,1,1909.3048095703125
67.0,2,5,,85623.0,1,1,2762.575439453125
38.0,1,4,,67327.0,1,1,2254.512939453125
41.0,2,3,,56180.0,1,1,1598.342529296875
86.0,1,5,,132878.0,1,1,2685.912109375
37.0,2,1,,65030.0,1,1,2026.9652099609375
28.0,2,6,,68915.0,1,1,1858.8831787109375
39.0,1,2,,78852.0,1,1,1561.3780517578125
46.0,2,3,,79931.0,1,1,2520.2275390625
55.0,2,3,,103260.0,1,1,2429.276123046875
75.0,2,4,,103356.0,1,1,2600.39990234375
31.0,1,1,,63168.0,1,1,1837.2646484375
31.0,2,4,,86836.0,1,1,1493.986572265625
44.0,1,1,,73209.0,1,1,1914.270751953125
75.0,1,2,,104385.0,1,1,1438.606201171875
57.0,1,2,,92192.0,1,1,2337.559814453125
63.0,2,2,,117532.0,1,1,1209.7154541015625
35.0,1,3,,43474.0,1,1,2075.6103515625
46.0,2,1,,55528.0,1,1,2505.49853515625
84.0,1,6,,180848.0,1,1,2403.264892578125
50.0,1,3,,82106.0,1,1,1617.729248046875
57.0,1,6,,122090.0,1,1,2020.1046142578125
31.0,1,6,,92544.0,1,1,2085.96728515625
81.0,2,4,,122079.0,1,1,2114.328369140625
40.0,1,6,,80879.0,1,1,1715.18603515625
28.0,2,4,,82960.0,1,1,2107.071533203125
32.0,2,3,,87189.0,1,1,2000.2110595703125
91.0,1,3,,121831.0,1,1,2503.447021484375
65.0,2,1,,52297.0,1,1,1699.031494140625
84.0,2,3,,113614.0,1,1,2001.79296875
71.0,1,3,,101346.0,1,1,1676.4862060546875
44.0,1,2,,86352.0,1,1,1612.122314453125
63.0,2,2,,117532.0,1,1,1209.7154541015625
77.0,2,4,,153499.0,1,1,2463.201416015625
93.0,2,1,,91882.0,1,1,2852.988037109375
80.0,1,1,,58917.0,1,1,1534.857177734375
56.0,2,5,,104001.0,1,1,1753.386962890625
43.0,1,3,,76234.0,1,1,2063.1142578125
43.0,2,3,,81137.0,1,1,1531.3236083984375
30.0,1,3,,67614.0,1,1,2106.016845703125
50.0,1,1,,103272.0,1,1,2377.3330078125
28.0,2,1,,54076.0,1,1,1597.5701904296875
51.0,2,5,,91630.0,1,1,1614.959716796875
53.0,2,3,,79521.0,1,1,1725.7789306640625
43.0,1,4,,146247.0,1,1,1813.665283203125
32.0,2,5,,84540.0,1,1,1807.98193359375
37.0,1,3,,83064.0,1,1,1882.6063232421875
78.0,2,1,,66774.0,1,1,1572.089111328125
61.0,1,6,,92807.0,1,1,2175.404052734375
40.0,2,4,,90716.0,1,1,2138.26806640625
87.0,2,1,,91784.0,1,1,2660.88330078125
83.0,1,3,,142613.0,1,1,1605.005859375
78.0,2,1,,97880.0,1,1,2944.758056640625
75.0,2,2,,74143.0,1,1,2593.80126953125
45.0,1,3,,67892.0,1,1,2086.254638671875
60.0,1,6,,94394.0,1,1,2410.7255859375
52.0,1,2,,52671.0,1,1,2657.52490234375
58.0,1,1,,44777.0,1,1,2248.54736328125
61.0,1,6,,120524.0,1,1,1739.82568359375
89.0,2,4,,109185.0,1,1,2718.069091796875
86.0,1,6,,153453.0,1,1,2230.432861328125
55.0,1,4,,114278.0,1,1,1453.9716796875
92.0,1,2,,120034.0,1,1,2519.1962890625
68.0,2,3,,77948.0,1,1,2762.609130859375
56.0,1,4,,94934.0,1,1,1975.37548828125
61.0,2,2,,98985.0,1,1,2244.652587890625
30.0,2,4,,48457.0,1,1,1988.685791015625
85.0,2,5,,141687.0,1,1,2435.880126953125
3.0,1,1,,14.0,0,2,167.87698364257812
8.0,2,1,,33.0,2,0,222.93777465820312
12.0,2,4,,104.0,0,0,91.78922271728516
6.0,1,5,,24.0,0,2,324.734375
6.0,2,8,,31.0,0,0,216.0914764404297
10.0,2,6,,39.0,0,0,232.1131591796875
7.0,2,2,,18.0,0,2,94.69835662841795
0.0,2,5,,15.0,0,2,183.65203857421875
12.0,1,3,,17.0,0,0,257.073974609375
8.0,2,4,,44.0,0,2,152.65512084960938
10.0,2,3,,35.0,2,2,222.0941467285156
11.0,2,3,,15.0,0,0,177.83639526367188
5.0,1,7,,17.0,0,2,282.76837158203125
9.0,2,5,,48.0,0,0,190.42364501953125
13.0,1,1,,39.0,0,0,121.25151824951172
5.0,1,7,,35.0,1,0,174.0505828857422
11.0,1,1,,21.0,2,2,148.92288208007812
9.0,1,5,,15.0,0,0,191.6810760498047
14.0,1,2,,37.0,2,0,108.41939544677734
2.0,2,8,,31.0,0,0,261.3934631347656
1.0,2,1,,23.0,0,2,243.9490509033203
0.0,1,4,,31.0,1,2,143.30621337890625
4.0,2,7,,36.0,0,0,289.8343505859375
5.0,1,7,,41.0,0,0,213.07432556152344
9.0,2,1,,11.0,0,2,67.93894958496094
14.0,1,2,,11.0,1,0,202.70736694335935
13.0,1,3,,37.0,1,2,168.8481903076172
8.0,2,4,,33.0,0,0,203.79330444335935
11.0,1,1,,26.0,1,0,180.2794952392578
8.0,1,5,,12.0,0,0,175.43417358398438
10.0,1,4,,39.0,0,0,207.21966552734375
11.0,2,5,,28.0,2,0,218.98016357421875
11.0,2,2,,28.0,1,0,190.44613647460935
1.0,1,2,,17.0,0,0,140.48336791992188
14.0,2,2,,60.0,2,2,230.2556610107422
13.0,2,1,,31.0,1,0,92.80622863769533
6.0,2,1,,20.0,0,0,218.7589874267578
11.0,1,2,,21.0,1,0,242.0873565673828
11.0,2,2,,54.0,0,0,296.41827392578125
7.0,2,3,,39.0,0,0,191.380859375
15.0,1,1,,15.0,1,2,163.27304077148438
0.0,1,6,,45.0,0,0,202.71917724609375
4.0,2,2,,13.0,0,0,143.6886749267578
8.0,2,3,,15.0,1,0,203.152587890625
10.0,1,4,,39.0,0,0,207.21966552734375
0.0,2,5,,14.0,0,0,156.2769012451172
0.0,2,3,,23.0,1,0,176.78907775878906
15.0,1,1,,48.0,1,2,287.42010498046875
3.0,1,6,,8.0,1,0,379.4697265625
6.0,2,3,,27.0,0,2,168.78781127929688
3.0,2,3,,9.0,0,0,194.02182006835935
0.0,2,4,,36.0,1,0,189.32766723632812
3.0,2,7,,53.0,1,0,248.9611968994141
11.0,1,4,,29.0,2,2,83.68494415283203
10.0,2,6,,28.0,0,0,228.57122802734375
1.0,1,6,,25.0,0,0,196.54959106445312
5.0,1,4,,44.0,0,0,325.3386535644531
12.0,1,2,,30.0,1,2,282.08685302734375
13.0,2,2,,30.0,2,2,100.012939453125
2.0,2,6,,116.0,0,0,222.28146362304688
0.0,1,5,,40.0,1,0,189.37237548828125
5.0,1,1,,19.0,2,2,166.9381103515625
14.0,2,1,,41.0,0,2,217.1605987548828
13.0,1,2,,7.0,1,0,264.2452392578125
3.0,1,4,,25.0,1,0,145.11587524414062
11.0,2,1,,27.0,1,0,212.7141265869141
2.0,2,1,,8.0,0,0,257.3763427734375
11.0,1,1,,45.0,1,2,92.11080169677734
10.0,1,5,,20.0,0,0,189.89468383789065
7.0,2,3,,64.0,2,0,187.1614227294922
10.0,2,6,,48.0,1,0,309.69769287109375
3.0,1,2,,12.0,0,2,245.297119140625
6.0,2,3,,37.0,1,0,116.12543487548828
12.0,1,3,,9.0,0,0,186.8203125
0.0,2,2,,9.0,1,2,140.568603515625
0.0,1,5,,29.0,0,0,197.25970458984375
0.0,2,2,,9.0,0,0,271.93682861328125
1.0,2,6,,19.0,0,0,206.876708984375
8.0,1,8,,39.0,1,2,205.65855407714844
3.0,1,1,,14.0,0,2,167.87698364257812
7.0,2,6,,33.0,0,2,201.77117919921875
12.0,2,3,,31.0,0,0,176.30935668945312
0.0,2,4,,14.0,0,0,180.51284790039065
